"Name","id","Source","Last Updated","Phone","Category","Latitude","Longitude","Address","Status","Pickup Offered","Delivery Offered","Notes","Hours","MWBE","Black Owned Business","Instagram","Sub-Category","Outdoor Dining","Created time","Website/Social Media","Indoor Dining","Owners","Delivery/Pickup Notes","Email","Special Accommodation Hours"
"67 Orange Street",3470,"UGC website","2020-07-28","(212) 662-2030","Restaurants/Bars",40.802212,-73.956633,"2082 Frederick Douglass Boulevard, New York, NY 10026 ","Open","Yes","Yes","punches and cocktail kits for delivery or pick-up
","Monday-Sunday 5-8pm
",true,true,"https://www.instagram.com/67orangestreet/","Restaurant/Bar","no","2020-06-15T20:53:30.000Z",,,,,,
"9 Tails Coffee",3471,"UGC website","2020-07-28",,"Restaurants/Bars",40.807677,-73.942711,"23 West 126th Street, New York, NY 10027 ","Open","Yes","No",,"Tuesday - Sunday 9 a.m. - 3 p.m.	
",,,,"Restaurant/Bar","no","2020-06-15T20:53:30.000Z",,,,,,
"Accra Restaurant",3472,"UGC website","2020-07-28","203-407-8000","Restaurants/Bars",40.807646,-73.948864,"2065 Adam Clayton Powell Boulevard, New York, NY 10027 ","Open","Yes","Yes","GRUBHUB, UBER EATS
","Monday-Sunday 10am-8pm
",true,true,"https://www.instagram.com/accrarestaurant/","Restaurant/Bar","no","2020-06-15T20:53:30.000Z","https://www.ubereats.com/new-york/food-delivery/accra-restaurant-harlem/CW4PeKBwQ4uHRGzUkOvTSQ",,,,,
"Africa Kine",3473,"UGC website","2020-07-28","212-666-9400","Restaurants/Bars",40.81415,-73.944109,"2267 Adam Clayton Powell Boulevard, New York, NY 10030 ","Open","Yes","Yes","Grubhub, Doordash, Uber Eats
","Monday-Sunday 10am-10pm
",true,true,,"Restaurant/Bar","no","2020-06-15T20:53:30.000Z",,,,,,
"Alison Restaurant",3474,"UGC website","2020-07-27","646-876-1054","Restaurants/Bars",40.790948,-73.946939,"1651 Lexington Avenue, New York, NY 10029 ","Open","Yes","Yes","In-house		

","Monday- Sunday 4pm-9:30pm
",,,"https://www.instagram.com/alisonrestaurant.nyc/","Restaurant/Bar","yes","2020-06-15T20:53:30.000Z","https://www.alisonny.com/",,,,,
"Amor Cubano",3475,"Ugc website","2020-07-27","212-996-1220","Restaurants/Bars",40.794755,-73.942661,"2018 Third Avenue, New York, NY 10029 ","Open","Yes","Yes","grubhub, postmates, delivery.com, ezcater
","Monday - Sunday 12 p.m.- 10 p.m.	
",true,,"https://www.instagram.com/amor_cubano_nyc","Restaurant/Bar","yes","2020-06-15T20:53:30.000Z",,"yes",,,,
"Amy Ruth's",3476,"Ayana H","2020-06-23","212-280-8779","Restaurants/Bars",40.802494,-73.950048,"113 West 116th Street, New York, NY 10026 ","Open","Yes","Yes","grubhub, doordash
","Monday-Sunday 11 a.m. -8 p.m.
",true,true,"https://www.instagram.com/amyruthsharlem/","Restaurant/Bar","no","2020-06-15T20:53:30.000Z","http://amyruths.com/",,,,,
"Anchor Wine Bar",3477,"UGC website","2020-07-28","212-234-3048","Independent Retail",40.825271,-73.950886,"3508 Broadway, New York, NY 10031 `","Open","Yes","Yes","grubhub, postmates
","Monday-Sunday 4pm-9pm
",,,,"Restaurant/Bar","no","2020-06-15T20:53:30.000Z",,,"The creation of three long-time Italian friends, Fabrizio, Luigi, and Maurizio",,,
"Archer and Goat",3478,"UGC website ","2020-07-28","917-261-6602","Restaurants/Bars",40.80434,-73.948417,"187 Malcolm X Boulevard, New York, NY 10026 ","Open","Yes","Yes","Yelp Deliver, cocktail kits that serve a party of four pre-batched for you to take home
","Monday-Sunday 5pm-8pm
",true,true,"https://www.instagram.com/archerandgoat_harlem/","Restaurant/Bar","no","2020-06-15T20:53:30.000Z","https://www.archerandgoat.com/reservations/",,,,,
"Armonie Pizza Bistro",3479,"UGC website","2020-07-27","212-722-6400","Restaurants/Bars",40.799729,-73.94261,"1649 Park Avenue, New York, NY 10035 ","Open","Yes","No",,"Wednesday-Sunday 12pm-8 p.m
",,,,"Restaurant/Bar","yes","2020-06-15T20:53:30.000Z",,,,,,
"Au Jus Oklahoma BBQ",3480,"UGC website","2020-10-01","212-360-7200","Restaurants/Bars",40.788582,-73.948637,"1569 Lexington Avenue, New York, NY 10029 ","Open","Yes","Yes","in house
","Monday-Saturday, 11 a.m.-9 p.m., Sunday 10 a.m.-9 p.m.	 
",,,"https://www.instagram.com/bbqaujus/","Restaurant/Bar","yes","2020-06-15T20:53:30.000Z","https://www.aujusnyc.com/","yes","Patrick Griffin",,,
"Babbalucci",3481,"UGC website","2020-07-27","646-918-6572","Restaurants/Bars",40.808945,-73.945051,"331 Malcolm X Boulevard, New York, NY 10027 ","Open","No","Yes","In House, Grubhub 
","Monday- Sunday 4 p.m.-10 p.m.
",,,"https://www.instagram.com/babbalucci_nyc/","Restaurant/Bar","yes","2020-06-15T20:53:30.000Z","http://www.babbalucci.com/",,,,,
"Baked Cravings",3482,"UGC website","2020-07-27","646-590-3324","Restaurants/Bars",40.7914,-73.946652,"1673 Lexington Avenue, New York, NY 10029 ","Open","Yes","Yes","GRUBHUB, POSTMATES, doordash, sweetist
","Monday - Friday 11 a.m. - 6 p.m. Saturday 12 p.m. - 5 p.m.		
",true,true,"https://www.instagram.com/bakedcravingsny/","Restaurant/Bar","yes","2020-06-15T20:53:30.000Z",,,,,,
"Bangklyn",3483,"UGC Website","2020-10-01","646-429-8128","Restaurants/Bars",40.790288,-73.943046,"2051 Second Avenue, New York, NY 10029 ","Open","Yes","Yes","GRUBHUB, POSTMATES, UBER EATS
","**Monday-Friday 11:30 a.m.-10 p.m., Saturday-Sunday Noon-10 p.m.**
",true,,"https://www.instagram.com/bangklyn.ny/","Restaurant/Bar","yes","2020-06-15T20:53:30.000Z",,,"Sarina and Pat",,,
" Bar 314",3484,"UGC website","2020-07-27","646-682-7645","Restaurants/Bars",40.81092,-73.958502,"1260 Amsterdam Avenue, New York, NY 10027 ","Open","Yes","Yes","grubhub, uber eats, slice, free bottle of wine with a $50 pick-up or take-out order; pick-up orders get 15% off
","Monday-Sunday 4pm-10pm
",,,"https://www.instagram.com/314_nyc/","Restaurant/Bar","yes","2020-06-15T20:53:30.000Z","https://www.bar314nyc.com/","yes",,,,
"Barawine",3485,"UGC website","2020-07-28","646-756-4154","Restaurants/Bars",40.804529,-73.947381,"200 Malcolm X Boulevard, New York, NY 10027","Open","Yes","Yes","grubhub, 
with 50 percent off wine list
",,,,"https://www.instagram.com/barawine_harlem/","Wine/Liquor Store","no","2020-06-15T20:53:30.000Z","https://www.barawine.com/",,"Fabrice Warin (French)",,,
"Barcha",3486,"Ayana H","2020-10-01","646-455-0046","Restaurants/Bars",40.795587,-73.936068,"2241 First Avenue, New York, NY 10029 ","Open","Yes","Yes","grubhub, ez cater; take-out orders over $65 receive a free quart of red or white sangria (while supplies last),
","**Monday-Friday 11 a.m.-8:30 p.m., Saturday 3-8:30 p.m.**
",true,,"https://www.instagram.com/barchaharlem/","Restaurant/Bar","yes","2020-06-15T20:53:30.000Z","https://www.barcha.nyc/",,"Walid ? and Gloribelle Perez",,,
"Bardolino Pizza",3487,"UGC website","2020-07-27","646-918-7455","Restaurants/Bars",40.786607,-73.950088,"1505 Lexington Avenue, New York, NY 10029 ","Open","Yes","Yes"," grubhub, delivery.com, slice
",,,,,"Restaurant/Bar","no","2020-06-15T20:53:30.000Z",,,,,,
"Barepas",3488,"UGC website","2020-07-28","646-410-0261","Restaurants/Bars",40.827715,-73.946167,"1792 Amsterdam Avenue, New York, NY 10031","Open","Yes","Yes","grubhub
","Monday- Thursday 4 p.m. -9 p.m., Saturday & Sunday 4p.m. - 10 p.m
",true,,"https://www.instagram.com/barepasnyc/","Restaurant/Bar","yes","2020-06-15T20:53:30.000Z","https://www.clover.com/online-ordering/barepas-new-york",,"Yency and Jen Perez",,,
"Barwachi ",3489,"UGC website","2020-07-27","212-289-7700","Restaurants/Bars",40.792794,-73.950375,"1546 Madison Avenue, New York, NY 10029 ","Open","Yes","No","place order over phone
","Monday- Saturday 12pm-8pm
",true,,,"Restaurant/Bar","no","2020-06-15T20:53:30.000Z",,,,,,
"Benyam Cuisine",3490,"UGC website","2020-07-27","212-510-7353","Restaurants/Bars",40.825222,-73.94055,"2795 Frederick Douglass Boulevard, New York, NY 10039 ","Open","Yes","Yes","Grubhub, Uber Eats
","Thursday-Saturday 12pm-8pm, Sunday 12-7pm
",true,true,"https://www.instagram.com/benyam_cuisine/","Restaurant/Bar","no","2020-06-15T20:53:30.000Z",,,,"
",,
"Bermudez Bakery",3491,"UGC website","2020-07-27","212-427-2877,","Restaurants/Bars",40.79903,-73.941056,"1875 Lexington Avenue, New York, NY 10035 ","Open","Yes","No",,"Monday- Sunday 5 a.m.-5 p.m
",true,,"https://www.instagram.com/bermudezbakery/","Restaurant/Bar","no","2020-06-15T20:53:30.000Z",,,,,,
"Bistro Casa Azul",3492,"UGC Website","2020-07-27","917-805-0803","Restaurants/Bars",40.796607,-73.932342,"343 Pleasant Avenue, New York, NY 10035 ","Open","Yes","Yes","in-house, PICK UP ANY ORDER FOR A SENIOR AND SAVE 10% ON THE WHOLE ORDER
","Monday- Sunday 12 p.m.- 11 p.m.	


",true,,"https://www.instagram.com/bistrocasaazul/","Restaurant/Bar","yes","2020-06-15T20:53:30.000Z",,,,,,
"Blue Coco",3493,"UGC website","2020-07-27","212-534-2626","Restaurants/Bars",40.792262,-73.945712,"153 East 106th Street, New York, NY 10029 ","Open","Yes","Yes","in-house, grubhub, postmates, delivery.com, uber eats
","Monday- Friday 8:30am-4pm
",true,,"https://www.bluecocony.com/","Restaurant/Bar","yes","2020-06-15T20:53:30.000Z",,,,,,
"BLVD Bistro",3494,"UGC website","2020-07-28","212-678-6200","Restaurants/Bars",40.804386,-73.95581,"2149 Frederick Douglass Boulevard, New York, NY 10026 ","Open","Yes","Yes","Seamless, Uber Eats, 20% discount on all pick-up orders
","Saturday-Sunday 10am-6pm
",true,true,"https://www.instagram.com/blvdbistro/","Restaurant/Bar","no","2020-06-15T20:53:30.000Z",,,,,,
"Bo's Bagels",3495,"UGC website","2020-07-28","917-902-8345","Restaurants/Bars",40.804148,-73.954096,"235 West 116th Street, New York, NY 10026 ","Open","Yes","Yes","in house,  delivery zone increased to 96th-136th streets, hudson river to second avenue
","Monday-Sunday 9am-3pm
",,,"https://www.instagram.com/bosbagels/","Restaurant/Bar","no","2020-06-15T20:53:30.000Z",,,"Andrew Martinez and Ashley Dikos",,,
"Bono Trattoria",3496,"UGC website","2020-07-27","646-682-9249","Restaurants/Bars",40.830223,-73.946964,"3658 Broadway, New York, NY 10031 ","Open","Yes","Yes","IN-HOUSE, CHECK OUT THEIR WEEKEND DINNER SPECIALS FOR TWO
","Monday-Sunday 4 p.m. - 10 p.m.
",,,"https://www.instagram.com/bono_nyc/","Restaurant/Bar","yes","2020-06-15T20:53:30.000Z","http://www.bononyc.com/",,,,,
"Branson Got Juice",3497,"UGC website","2020-07-28","212-283-2700","Restaurants/Bars",40.825558,-73.943898,"741 St. Nicholas Avenue, New York, NY 10031 ","Open","Yes","No",,,true,true,"https://www.instagram.com/bransongotjuice/","Restaurant/Bar",,"2020-06-15T20:53:30.000Z",,,"Branson",,,
"Break Juicery",3498,"Ayana H","2020-06-23","646-892-3034","Restaurants/Bars",40.820986,-73.944733,"132 Edgecombe Avenue, New York, NY 10030 ","Open","Yes","Yes","Grubhub
","Monday-Sunday 8 a.m.- 8 p.m.
",,,"https://www.instagram.com/breakjuicery/","Restaurant/Bar","no","2020-06-15T20:53:30.000Z","https://www.breakjuicery.com/",,"Nicolas Chase",,,
"Buddha Taco Bar",3499,"UGC website","2020-07-28","646-478-8086","Restaurants/Bars",40.829106,-73.948084,"3628 Broadway, New York, NY 10031 ","Open","Yes","Yes","uber eats, postmates, doordash
","Monday-Sunday 12pm-7pm
",,,"https://www.instagram.com/buddhatacobar/","Restaurant/Bar","no","2020-06-15T20:53:30.000Z",,,"James Lee",,,
"Burritos y Mas",3500,"UGC website","2020-07-27","646-918-7478","Restaurants/Bars",40.788701,-73.948549,"1571 Lexington Avenue, New York, NY 10029 ","Open","Yes","Yes","in-house, grubhub, uber eats, 10% off first orders placed on their website
","Monday- Sunday 11am-10pm
",,,"https://www.instagram.com/burritosymas/","Restaurant/Bar","no","2020-06-15T20:53:30.000Z",,,,,,
"Cafe Amrita",3501,"UGC website","2020-07-28","212-222-0683","Restaurants/Bars",40.801113,-73.958222,"301 West 110th Street, New York, NY 10026 ","Open","Yes","No",,"Monday-Sunday 8am-3:30pm
",,,"https://www.instagram.com/cafeamrita/","Restaurant/Bar","no","2020-06-15T20:53:30.000Z",,,,,,
"Café Ollin ",3502,"UGC Website","2020-10-01","212-828-3644","Restaurants/Bars",40.791193,-73.939396,"339 East 108th Street, New York, NY 10029 ","Open","Yes","Yes","grubhub,
","Daily 11:30 a.m.-9:30 p.m. 
",true,,,"Restaurant/Bar","yes","2020-06-15T20:53:30.000Z",,"yes","Jonathan Perez","
",,
"Cafeine",3503,"UGC website","2020-07-27","646-370-6353","Restaurants/Bars",40.80344,-73.955744,"2124 Frederick Douglass Boulevard, New York, NY 10026 ","Closed","Yes","No",,"Saturday-Sunday 8am-4pm
",,,,"Restaurant/Bar","yes","2020-06-15T20:53:30.000Z",,,,,,
"CakeBurgers",3504,"UGC website","2020-07-27","646-799-9507","Restaurants/Bars",40.798335,-73.933297,"400 East 120th Street, New York, NY 10035 ","Open","Yes","Yes","Grubhub. Knock on the door if it is closed! They are in there
","Monday-Friday 10 a.m.-8 p.m., Saturday11 a.m.-8 p.m.
",true,,"https://www.instagram.com/cake_burgers/","Restaurant/Bar","no","2020-06-15T20:53:30.000Z","https://www.cakeburgers.com/",,,,,
"Cantina Central Harlem",3505,"UGC Website","2020-07-27","833-NY-Tacos","Restaurants/Bars",40.808945,-73.945051,"329 Malcolm X Boulevard, New York, NY 10027 ","Open","Yes","Yes","Seamless, Uber Eats
","Monday-Sunday 3pm-10pm
",,,,"Restaurant/Bar","yes","2020-06-15T20:53:30.000Z",,,,,,
"Cantina Central Park North",3506,"UGC website","2020-07-28","833-ny-tacos","Restaurants/Bars",40.80038,-73.955061,"1838 Adam Clayton Powell Boulevard, New York, NY 10026 ","Open","Yes","Yes","Seamless
","Monday-Sunday 3pm-10pm
",,,,"Restaurant/Bar","no","2020-06-15T20:53:30.000Z",,,,,,
"Capri Bakery",3507,"UGC website","2020-07-27","212-410-1876,","Restaurants/Bars",40.797908,-73.940399,"186 East 116th Street, New York, NY 10029 ","Open","Yes","No","in-house, grubhub, delivery.com, uber eats, every order gets a free canned soda
","Monday-Sunday 7 a.m.-8 p.m
",true,,"https://www.instagram.com/116capribakery/","Restaurant/Bar","no","2020-06-15T20:53:30.000Z",,,,,,
"Cascalote Latin Bistro",3508,"UGC website","2020-07-27","646-351-6574,","Restaurants/Bars",40.792681,-73.940623,"2126 Second Avenue, New York, NY 10029 ","Open","Yes","Yes","order on the restaurant website with code fcovid19 and get 10% off all orders included alcohol
","Thursday 4pm-9pm, Friday-Saturday 2pm-9pm, Sunday 2pm-8pm
",true,,"https://www.instagram.com/cascalotelatinbistro/","Restaurant/Bar","yes","2020-06-15T20:53:30.000Z",,,,,,
"Champignon Cafe",3509,"UGC website","2020-07-28","212-987-1700","Restaurants/Bars",40.787337,-73.953721,"1389 Madison Avenue, New York, NY 10029 ","Open","Yes","Yes","In house
","Monday- Friday 7am-9pm, Saturday-Sunday 7am-7pm
",,,"https://www.instagram.com/champignon.cafe/","Restaurant/Bar","no","2020-06-15T20:53:30.000Z","https://www.champignoncafe.com/",,,,,
"Charles Panfried Chicken",3510,"UGC website","2020-07-28","212-281-1800","Restaurants/Bars",40.814599,-73.948276,"2461 Frederick Douglass Boulevard, New York, NY 10027 ","Open","Yes","Yes","doordash
","Monday-Saturday 10am-1am, Sunday 12pm-6pm
",true,true,"https://www.instagram.com/charlespanfriedchickenofharlem/","Restaurant/Bar","no","2020-06-15T20:53:30.000Z",,,,,,
"Charlie's Place Sushi",3511,"UGC Website","2020-07-27","212-410-0277","Restaurants/Bars",40.806204,-73.940582,"1960 Madison Avenue, New York, NY 10035 ","Open","Yes","Yes","in-house, doordash
","Monday-Friday  11 a.m.-7:30 p.m., Saturday 11 a.m.-7 p.m.
",true,,"https://www.instagram.com/charliesplacesushi/","Restaurant/Bar","no","2020-06-15T20:53:30.000Z",,,,,,
"Chez Alain",3512,"UGC website","2020-07-28","212-678-7600","Restaurants/Bars",40.807424,-73.9499,"2046 Adam Clayton Powell Boulevard, New York, NY 10027 ","Open","Yes","Yes","in house 
","Tuesday-Sunday 12pm-11pm
",true,true,,"Restaurant/Bar","no","2020-06-15T20:53:30.000Z",,,,,,
"Chocolat",3513,"UGC Website","2020-07-27","212-222-4545","Restaurants/Bars",40.806799,-73.95394,"2223 Frederick Douglass Boulevard, New York, NY 10026 ","Open","Yes","Yes","grubhub, postmates, doordash, 20% off on phone orders & walk-ins
","Monday-Sunday 12pm-8pm
",true,true,"https://www.instagram.com/chocolatharlem/","Restaurant/Bar","yes","2020-06-15T20:53:30.000Z","https://www.chocolatharlem.com/donate-here/",,,,,
"Chu Ros Thai",3514,"UGC website","2020-10-01","917-265-8432","Restaurants/Bars",40.789283,-73.948734,"1590 Lexington Avenue, New York, NY 10029 ","Open","Yes","Yes","in-house, GRUBHUB, POSTMATES, uber eats, caviar, ez cater
","
",true,,"https://www.instagram.com/churosthainyc/","Restaurant/Bar","no","2020-06-15T20:53:30.000Z","https://chu-ros-thai-108496.square.site/",,,,,
"Clay",3515,"UGC Website","2020-07-27","212-729-1850","Restaurants/Bars",40.809469,-73.953883,"553 Manhattan Avenue, New York, NY 10027","Open","Yes","Yes","in house 
","Monday-Sunday 10am-8pm
",,,"https://www.instagram.com/clayrestaurantnyc/","Restaurant/Bar","yes","2020-06-15T20:53:30.000Z",,,,,,
"Clove Indian",3516,"UGC website","2020-07-28","646-918-6644","Restaurants/Bars",40.821318,-73.950854,"1592 Amsterdam Avenue, New York, NY 10031 ","Open","Yes","Yes","in house
","Monday-Sunday 11am-10:30pm
",,,"https://www.instagram.com/cloveindianrestaurant/","Restaurant/Bar","no","2020-06-15T20:53:30.000Z","https://cloveindiancuisine.com/",,,,,
"Common Good",3517,"UGC website","2020-07-27","917-261-6996","Restaurants/Bars",40.82541,-73.940435,"2801 Frederick Douglass Boulevard, New York, NY 10039 ","Open","Yes","No",,"Monday- Sunday 9am-3pm
",,,"https://www.instagram.com/commongoodharlem/","Restaurant/Bar","no","2020-06-15T20:53:30.000Z","https://www.commongoodharlem.com/shop",,,,,
"Corner Social",3518,"UGC website","2020-07-27","212-510-8552","Restaurants/Bars",40.808732,-73.945278,"321 Malcolm X Boulevard, New York, NY 10027 ","Open","Yes","No",,"Monday-Sunday 12 p.m. - 10 p.m.
",,,"https://www.instagram.com/cornersocial/","Restaurant/Bar","yes","2020-06-15T20:53:30.000Z","https://cornersocialnyc.com/",,"Anahi Angelone opened the bar Corner Social in 2012 after managing Irish bars downtown for a decade. Two years later Corner Social was so successful that she opened a restaurant, Angel of Harlem. Both are profitable. In the summer she and her partners, including former Time Warner CEO Richard Parsons, took over The Cecil Steakhouse as well as Minton’s Playhouse, the adjoining restaurant and venue that had closed in 2016.",,,
"Crepe Master",3519,"UGC website","2020-07-28","646-559-9224","Restaurants/Bars",40.802954,-73.951265,"139 West 116th Street, New York, NY 10026 ","Open","Yes","Yes","GRUBHUB, POSTMATES, UBER EATS
","Sunday-Tuesday 11am-6pm, Wednesday-Friday 11am-8pm, Saturday 10am-9pm
",true,true,"https://www.instagram.com/crepemasternyc/","Restaurant/Bar","no","2020-06-15T20:53:30.000Z","https://www.crepemasternyc.com/",,,,,
"Cuchifritos",3520,"UGC website","2020-07-27","212-876-4846","Restaurants/Bars",40.798045,-73.940997,"168 East 116th Street, New York, NY 10029","Open","Yes","No",,"Wednesday - Monday 11 a.m.-7 p.m
",true,,,"Restaurant/Bar","no","2020-06-15T20:53:30.000Z",,,,,,
"Dear Mama Coffee",3521,"UGC website","2020-07-27","929-279-2225","Restaurants/Bars",40.792214,-73.940676,"308 East 109th Street, New York, NY 10029 ","Open","Yes","Yes","in house, now offering the dear mama market selling grocery staples such as eggs, milk, fruit, pasta, alcohol, toilet paper, masks & gloves, plus order-ahead roast chickens and chocolate-chip cookie dough; also sponsoring a buy-a-meal-for-a-neighbor where you can donate a meal for a neighbor in need or coffee for a frontline worker
","Monday - Sunday 7am-7pm
",,,"https://www.instagram.com/dearmamanyc/","Restaurant/Bar","yes","2020-06-15T20:53:30.000Z","https://order.dearmamacoffee.com/",,,,,
"Dear Mama Coffee",3522,"Ayana H","2020-05-20",,"Restaurants/Bars",40.816993,-73.958486,"611 West 129th Street, New York, NY 10027 ","Open","Yes","Yes","in-house, grubhub, postmates, doordash, uber eats; sponsoring a buy-a-meal-for-a-neighbor where you can donate a meal for a neighbor in need or coffee for a frontline worker, plus now offering the dear mama market selling grocery staples such as eggs, milk, fruit, pasta, alcohol, toilet paper, masks & gloves
","Monday-Friday 8am-7pm, Saturday & Sunday 10am-7pm
",,,,"Restaurant/Bar","yes","2020-06-15T20:53:30.000Z",,,,,,
"Dinosaur BBQ",3523,"UGC website","2020-07-27","212-694-1777","Restaurants/Bars",40.818002,-73.960985,"700 West 125th Street, New York, NY 10027 ","Open","Yes","Yes","doordash
","Monday-Sunday 11am-9pm
",,,"https://www.instagram.com/dinosaur_bbq/","Restaurant/Bar","yes","2020-06-15T20:53:30.000Z","https://www.dinosaurbarbque.com/",,,,,
"Double Dutch Espresso",3524,"UGC website","2020-07-27","646-429-8834","Restaurants/Bars",40.80584,-73.953997,"2194 Frederick Douglass Boulevard, New York, NY 10026 ","Open","Yes","Yes","postmates
","Monday-Sunday 8am-4pm
",,,"https://www.instagram.com/doubledutchespresso/","Restaurant/Bar","yes","2020-06-15T20:53:30.000Z",,,"Mess Hall Is a neighborhood bar specializing in craft beer & spirits in a warm environment.  It is the love child of uptown coffee shop moguls Aaron Baird and Karen Cantor (Double Dutch, Chipped Cup, Filtered) and downtown nightlife Singer/Songwriter Shanna Sharp. The three Harlem residents are excited to bring a charming space with rustic cocktails and food in a vibrant and popular area of Harlem.",,,
"Dulceria",3525,"UGC website","2020-07-28","646-590-0466","Restaurants/Bars",40.806022,-73.953866,"2200 Frederick Douglass Boulevard, New York, NY 10026 ","Open","Yes","Yes","grubhub
","Monday-Friday 8am-7pm, Saturday 9am-7pm, Sunday 9am-6pm
",,,"https://www.dulcerianyc.com/","Restaurant/Bar","no","2020-06-15T20:53:30.000Z",,,,,,
"Earl's Beer and Cheese",3526,"UGC website","2020-07-28","212-289-1581","Restaurants/Bars",40.787306,-73.951561,"1259 Park Avenue, New York, NY 10029 ","Open","Yes","Yes","POSTMATES, open for all beer and wine to go
","Tuesday-Thursday 3pm-8pm, Friday 3pm-9pm, Saturday 12pm-4pm
",,,"https://www.instagram.com/earlsbeerandcheese/","Restaurant/Bar","no","2020-06-15T20:53:30.000Z",,,,,,
"East Harlem Bottling Company",3527,"UGC website","2020-10-01","212-534-2626","Restaurants/Bars",40.792262,-73.945712,"153 East 106th Street, New York, NY 10029 ","Open","Yes","Yes","in-house
","### Monday-Friday 11:30 a.m.-Midnight, Saturday-Sunday 11 a.m.-Midnight
",true,,"https://www.instagram.com/eastharlembottlingco/","Restaurant/Bar","yes","2020-06-15T20:53:30.000Z","https://www.eastharlembottlingco.com/","yes","Leo Lauer/Darcie Siciliano ",,,
"El Barrista Cafe",3528,"UGC Website","2020-07-27","718-413-0191","Restaurants/Bars",40.799166,-73.939544,"2154 Third Avenue, New York, NY 10035 ","Open","Yes","Yes","	doordash
","Monday-Sunday 9 a.m.-3 p.m
",,,,"Restaurant/Bar","yes","2020-06-15T20:53:30.000Z",,,,,,
"El Kallejon",3529,"Ugc website","2020-07-27","646-649-4795","Restaurants/Bars",40.798501,-73.93883,"209 East 117th Street, New York, NY 10035 ","Open","Yes","No",,"Tuesday - Sunday 2	p.m.-8 p.m
",true,,"https://www.instagram.com/elkallejon/","Restaurant/Bar","yes","2020-06-15T20:53:30.000Z","https://elkallejonlounge.com/",,,,,
"El Nuevo Caridad",3530,"UGC website","2020-07-27","212-860-8187","Restaurants/Bars",40.796909,-73.938154,"2257 Second Avenue, New York, NY 10029 ","Open","Yes","Yes","grubhub
",,,,"https://www.instagram.com/elnuevocaridad/","Restaurant/Bar","no","2020-06-15T20:53:30.000Z",,,,,,
"El Paso Cafe",3531,"UGC website","2020-07-27","917-472-7289","Restaurants/Bars",40.790909,-73.947499,"1642 Lexington Avenue, New York, NY 10029 ","Open","Yes","Yes","Call First on Sundays, GRUBHUB
","Monday-Saturday 11am-10:30pm
",true,,"https://www.instagram.com/elpasocafe_104/","Restaurant/Bar","yes","2020-06-15T20:53:30.000Z",,,,,,
"El Tapatio",3532,"UGC website","2020-07-27","212-876-3055","Restaurants/Bars",40.797879,-73.939201,"209 East 116th Street, New York, NY 10029 ","Open","Yes","Yes","hours change daily, but generally daily 11 a.m.-11 p.m.
","Monday- Sunday 11 a.m.-11 p.m
",true,,"https://www.instagram.com/tapatiomexicanrestaurant_116st/","Restaurant/Bar","no","2020-06-15T20:53:30.000Z",,,,,,
"El Tepeyac",3533,"UGC website","2020-07-27","212-987-8364","Restaurants/Bars",40.789737,-73.947864,"1621 Lexington Avenue, New York, NY 10029 ","Open","Yes","Yes","in house, grubhub, doordash
","Monday- Sunday 8am-1am
",true,,"https://www.instagram.com/eltepeyacgrocery/","Restaurant/Bar","yes","2020-06-15T20:53:30.000Z","https://eltepeyacfood.com/",,,,,
"Evelyn's Kitchen",3535,"UGC website","2020-07-27","646-476-7906","Restaurants/Bars",40.797776,-73.934491,"2317 First Avenue, New York, NY 10035 ","Open","Yes","Yes","grubhub, doordash, ubereats
","Tuesday - Friday 2pm-9 p.m.
",,,"https://www.instagram.com/evelynskitchen/","Restaurant/Bar","no","2020-06-15T20:53:30.000Z",,,,,,
"Famous Fish Market",3536,"UGC website","2020-07-27","212-491-8323","Restaurants/Bars",40.823523,-73.944767,"684 St. Nicholas Avenue, New York, NY 10030 ","Open","Yes","No",,"Monday-Thursday 11am-11pm, Friday-Saturday 11am-midnight
",true,true,"https://www.instagram.com/thefamousfishmarket/","Restaurant/Bar","no","2020-06-15T20:53:30.000Z",,,,,,
"Fieldtrip Harlem",3537,"UGC website","2020-07-28","917-639-3919","Restaurants/Bars",40.801602,-73.950415,"109 Malcolm X Boulevard, New York, NY 10026 ","Open","Yes","Yes","in house, grubhub
","Monday-Saturday 11am-9pm
",true,true,"https://www.instagram.com/fieldtripharlem/","Restaurant/Bar","no","2020-06-15T20:53:30.000Z","https://www.fieldtripnyc.com/",,,,,
"Floridita",3538,"UGC website","2020-07-28","212-662-0090","Restaurants/Bars",40.818002,-73.960985,"2276 Twelfth Avenue, New York, NY 10027 ","Open","Yes","Yes","grubhub,  postmates, delivery.com
","Monday-Friday 11am-9pm
",true,,"https://www.instagram.com/floriditanyc/","Restaurant/Bar","no","2020-06-15T20:53:30.000Z","https://www.floriditanyc.com/",,,,,
"Frenchy Coffee",3539,"UGC website","2020-08-22","646-891-0088","Restaurants/Bars",40.789955,-73.948189,"129 East 102nd Street, New York, NY 10029 ","Open","Yes","Yes","grubhub, postmates, uber eats
","Monday-Saturday 8 a.m.-3 p.m.
",,,"https://www.instagram.com/frenchycoffeenyc/","Restaurant/Bar","yes","2020-06-15T20:53:30.000Z",,,,,,
"Fruces Juice Bar",3540,"UGC website","2020-07-28","646-861-3279","Restaurants/Bars",40.81824,-73.953098,"1496 Amsterdam Avenue, New York, NY 10031 ","Open","Yes","Yes","IN-HOUSE, GRUBHUB, UBER EATS, POSTMATES, DOORDASH, DELIVERY.COM, buy-one, get-one-free drinks
","Monday-Friday 8am-5pm
",,,,"Restaurant/Bar","no","2020-06-15T20:53:30.000Z",,,,,,
"Fumo Harlem",3541,"UGC Website","2020-07-27","646-692-6675","Restaurants/Bars",40.821438,-73.950724,"1600 Amsterdam Avenue, New York, NY 10031 ","Open","Yes","Yes","IN-house, grubhub, order delivery direct from the website and get 10% off, drop by for  pick-up and get 15% off
","Sunday & Monday 11 a.m. - 10 p.m., Tuesday - Thursday 11 a.m. - 10:30 p.m., Friday & Saturday 11 a.m. - 11 p.m.
",,,"https://www.instagram.com/fumo_harlem/","Restaurant/Bar","yes","2020-06-15T20:53:30.000Z","https://www.fumorestaurant.com/",,,,,
"G&J's Pizzeria",3542,"UGC website","2020-07-27","212-369-4800","Restaurants/Bars",40.790284,-73.945986,"188 East 104th Street, New York, NY 10029 ","Open","Yes","Yes","grubhub, slice, offering heart-shaped pizzas, plus kits of ingredients so you can make pizza at home
","Monday-Thursday 11am-9pm, Friday-Sunday 11am-10pm
",,,"https://www.instagram.com/gjspizzeria/","Restaurant/Bar","no","2020-06-15T20:53:30.000Z","https://www.grubhub.com/restaurant/gjs-pizzeria-188-e-104th-st-new-york/408254",,,,,
"Gaudir",3543,"UGC website","2020-10-01","347-845-9443","Restaurants/Bars",40.79359,-73.940923,"251 East 110th Street, New York, NY 10029 ","Open","Yes","Yes","Ubereats
","Tuesday-Saturday 5-9:30 p.m.
",true,,"https://www.instagram.com/ts_gaudir/","Restaurant/Bar","yes","2020-06-15T20:53:30.000Z","https://www.gaudir-spanish-tapas.com/","yes","Keiko Tajima","### _make your reservation for the patio via resy.com_


",,
"Go Go Curry",3544,"UGC website","2020-07-28","646-833-7143","Restaurants/Bars",40.815535,-73.957794,"567 West 125th Street, New York, NY 10027 ","Open","Yes","Yes","in-house, grubhub, doordash, postmates, uber eats, allset
","Monday-Friday 11am-8pm, Saturday & Sunday 12pm-8pm
",,,"https://www.instagram.com/gogocurryamerica/","Restaurant/Bar","no","2020-06-15T20:53:30.000Z","https://gogocurryamerica.com/",,,,,
"Guajillo Mexican Kitchen",3545,"UGC website","2020-07-27","646-912-9971","Restaurants/Bars",40.796914,-73.935154,"2277 First Avenue, New York, NY 10035 ","Open","Yes","Yes","Grubhub
",,true,,,"Restaurant/Bar","no","2020-06-15T20:53:30.000Z",,,,,,
"Harlem Ale House",3546,"UGC website","2020-07-28","646-692-8412","Restaurants/Bars",40.809334,-73.944863,"101 West 127th Street, New York, NY 10027 ","Open","Yes","Yes","Grubhub, Uber Eats
","Saturday 5-10pm
",,,"https://www.instagram.com/officialharlemalehousenyc/","Restaurant/Bar","no","2020-06-15T20:53:30.000Z",,,,,,
"Harlem Blues Cafe",3547,"UGC website","2020-07-27","917-675-7258","Restaurants/Bars",40.81052,-73.939574,"2144 Fifth Avenue, New York, NY 10037 ","Open","Yes","Yes","grubhub, doordash
","
",,,"https://www.instagram.com/harlembluescafe/","Restaurant/Bar","no","2020-06-15T20:53:30.000Z",,,,,,
"Harlem Burger Co.",3548,"Ayana H","2020-06-25","212-222-9899","Restaurants/Bars",40.805712,-73.954062,"2190 Frederick Douglass Boulevard, New York, NY 10026 ","Open","Yes","Yes","in house, grubhub, postmates
","Monday-Sunday 12pm-11pm
",,,,"Restaurant/Bar","yes","2020-06-15T20:53:30.000Z",,,,,,
"Harlem Chocolate Factory",3549,"UGC website","2020-07-28",,"Restaurants/Bars",40.817323,-73.941691,"2363 Adam Clayton Powell Boulevard, New York, NY 10030 ","Open","Yes","No","for pick-ups in store! You MUST order online and select in-store pick up or you will be charged for shipping
",,true,true,"https://www.instagram.com/harlemchocolatefactory/","Restaurant/Bar","no","2020-06-15T20:53:30.000Z",,,,,,
"Harlem Food Bar",3550,"UGC Website","2020-07-27","212-222-9570","Restaurants/Bars",40.802746,-73.956191,"2100 Frederick Douglass Boulevard, New York, NY 10026 ","Open","Yes","No",,"Monday-Sunday 3pm-8pm
",,,"https://www.instagram.com/harlemfoodbar/","Restaurant/Bar","yes","2020-06-15T20:53:30.000Z","https://www.hfbnyc.com/",,,,,
"Harlem Hookah",3551,"UGC website","2020-10-05","646-912-9905","Restaurants/Bars",40.810658,-73.943844,"381 Malcolm X Boulevard, New York, NY 10027 ","Open","Yes","Yes",": grubhub, doordash, postmates, uber eats, check out @harlemhookah via soundcloud for their exclusive mixes by d.j. exeqtiv
","Monday -Saturday 2 p.m. - 10 p.m., Sunday 12 p.m. - 10 p.m	
",true,true,"https://www.instagram.com/harlemhookah/","Restaurant/Bar","yes","2020-06-15T20:53:30.000Z","https://www.harlemhookah.com/","yes",,"<https://harlemhookah.getbento.com/reservations/>

",,
"Harlem Hops",3552,"UGC website","2020-07-28","646-998-3444","Restaurants/Bars",40.814441,-73.944777,"2268 Adam Clayton Powell Boulevard, New York, NY 10030 ","Open","Yes","Yes","In house
","Monday-Sunday 2pm-8pm
",true,true,,"Restaurant/Bar","no","2020-06-15T20:53:30.000Z",,,,,,
"Harlem Pizza Co.",3553,"UGC website","2020-07-28","212-222-9889","Restaurants/Bars",40.802879,-73.951084,"135 West 116th Street, New York, NY 10026 ","Open","Yes","Yes","
grubhub, chownow, postmates
",,,,,"Restaurant/Bar","no","2020-06-15T20:53:30.000Z",,,,,,
"Harlem Public",3554,"UGC website","2020-07-27",,"Restaurants/Bars",40.828657,-73.948229,"3612 Broadway, New York, NY 10031 ","Open","Yes","Yes","in house
","Monday-Friday 11am-10pm, Weekends 11am-10pm
",,,,"Restaurant/Bar","yes","2020-06-15T20:53:30.000Z",,,,,,
"Harlem Shake",3555,"UGC website","2020-07-27","212-222-8300","Restaurants/Bars",40.807114,-73.946426,"100 West 124th Street, New York, NY 10027 ","Open","Yes","Yes","in-house, grubhub, uber eats, postmates, Delivery.com; Use code TENOFF on website to receive 10% discount
","Sunday-Thursday 11am-11pm, Friday-Saturday 11am-2am
",true,,"https://www.instagram.com/harlemshakenyc/","Restaurant/Bar","yes","2020-06-15T20:53:30.000Z","https://www.harlemshakenyc.com/",,,,,
"Harlem Tavern",3556,"UGC website","2020-07-27","212-866-4500","Restaurants/Bars",40.804789,-73.955591,"2153 Frederick Douglass Boulevard, New York, NY 10026 ","Open","Yes","No",,"Sunday-Thursday 10 p.m.-10 p.m., Friday& Sat 12 p.m.-12 a.m.
",true,,"https://www.instagram.com/harlemtavern/","Restaurant/Bar","yes","2020-06-15T20:53:30.000Z","https://harlemtavern.com/",,"Harlem Tavern owner Sheri Wilson Daly, ""you used to see hordes of people hailing taxis to leave Harlem for something to eat or drink."" She and husband Stephen Daly and another partner, Gareth Fagan, decided to ""bring a downtown restaurant uptown."" And on the former site of a gas station, Harlem Tavern made its debut in 2011. Mr. Fagan owns a bar called the Blind Pig in Lower Manhattan and Mr. Daly is a co-owner of a three-story sports bar in Times Square called Tonic Bar & Restaurant.",,,
"Harlem Wine Gallery",3557,"UGC website","2020-07-28","646-912-9365","Independent Retail",40.807776,-73.948725,"2067 Adam Clayton Powell Boulevard, New York, NY 10027 ","Open","Yes","Yes","delivery ($35 minimum) Wednesday-Sunday 3-7 p.m.: Order online or on the harlem wine gallery app
","Monday&Tuesday 3pm-8pm, Wednesday-Sunday 12pm-8pm
",true,true,,"Wine/Liquor Store","no","2020-06-15T20:53:30.000Z",,,,,,
"Hexagon Lounge",3558,"Ayana H","2020-05-20","646-838-6500","Restaurants/Bars",40.821269,-73.944468,"318 West 142nd Street, New York, NY 10030 ","Open","Yes","Yes","Grubhub, uber eats
","Monday-Sunday 11:30am-8pm
",,,,"Restaurant/Bar",,"2020-06-15T20:53:30.000Z",,,,,,
"Hogshead Tavern",3559,"UGC website","2020-07-28",,"Restaurants/Bars",40.824058,-73.949353,"126 Hamilton Place, New York, NY 10031 ","Open","Yes","Yes","grubhub, special growler hours Thurs-Sunday 4-7 p.m.
","Monday-Sunday 2pm-10pm
",,,,"Restaurant/Bar","no","2020-06-15T20:53:30.000Z",,,"Hogshead Tavern is owned and operated by Harlem locals Tara Wholley and Leigh Corcoran who are part owners of the popular, Churchill Tavern in Midtown Manhattan.",,,
"Home Sweet Harlem",3560,"UGC website","2020-07-28","212-926-9616","Restaurants/Bars",40.819378,-73.952219,"1528 Amsterdam Avenue, New York, NY 10031 ","Open","Yes","Yes","grubhub
","Tuesday 9am-6pm, Wednesday-Sunday 9am-10-pm
",,,,"Restaurant/Bar","no","2020-06-15T20:53:30.000Z",,,,,,
"Hot Jalapeno",3561,"UGC website","2020-07-27","646-351-6895","Restaurants/Bars",40.797779,-73.938988,"219 East 116th Street, New York, NY 10029 ","Open","Yes","Yes","10% off cash sales
","### Tuesday - Sunday 11 A.M.-8 P.M. 

",true,,,"Restaurant/Bar","yes","2020-06-15T20:53:30.000Z",,,,,,
"Il Cafe Latte",3562,"UGC website","2020-07-28","212-222-2241","Restaurants/Bars",40.804398,-73.948416,"189 Malcolm X Boulevard, New York, NY 10026 ","Open","Yes","Yes","DOORDASH, 10% off purchases over $30
","Monday-Sunday 8am-9pm
",,,,"Restaurant/Bar","no","2020-06-15T20:53:30.000Z",,,,,,
"Indian Summer",3563,"UGC website","2020-07-27","646-952-0300","Restaurants/Bars",40.805897,-73.947318,"239 Malcolm X Boulevard, New York, NY 10027 ","Open","Yes","Yes","Grubhub, Postmates
","Tuesday 5pm-10pm, Wednesday-Sunday 11:30am-2:30pm & 5pm-9:30pm
",,,,"Restaurant/Bar","yes","2020-06-15T20:53:30.000Z",,,,,,
"Island Bites Caribbean",3564,"UGC website","2020-07-27","646-850-8855","Restaurants/Bars",40.791193,-73.939396,"2107 First Avenue, New York, NY 10029 ","Open","Yes","Yes","grubhub, postmates, uber eats
","Tuesday-Saturday 11:30am-8pm, Sunday 11:30am-7pm
",true,true,,"Restaurant/Bar","no","2020-06-15T20:53:30.000Z",,,,,,
"Jacob's Soul Food",3565,"Ayana H","2020-05-20","212-283-3663","Restaurants/Bars",40.821754,-73.943054,"2695 Frederick Douglass Boulevard, New York, NY 10030 ","Open","Yes","No",,"Monday-Sunday 10am-10pm
",true,true,,"Restaurant/Bar",,"2020-06-15T20:53:30.000Z",,,,,,
"Jacob's Soul Food",3566,"UGC website","2020-07-28","212-866-3663","Restaurants/Bars",40.810309,-73.944016,"373 Malcolm X Boulevard, New York, NY 10027 ","Open","Yes","No",,"Monday-Sunday 10am-10pm
",true,true,,"Restaurant/Bar","no","2020-06-15T20:53:30.000Z",,,,,,
"Jaguar Restaurant",3567,"UGC website","2020-07-27","212-423-9096","Restaurants/Bars",40.793549,-73.94504,"1735 Lexington Avenue, New York, NY 10029 ","Open","Yes","Yes","grubhub
","Monday-Sunday 10am-8pm
",true,,,"Restaurant/Bar","no","2020-06-15T20:53:30.000Z",,,,,,
"Jin Ramen",3568,"UGC website","2020-07-28","646-559-2862","Restaurants/Bars",40.815486,-73.959056,"3183 Broadway, New York, NY 10027 ","Open","Yes","Yes","in-house, grubhub, doordash, get 10 percent off in-house orders with the code supportjin
","Monday-Sunday 11am-3:30PM, 5PM-10PM
",,,,"Restaurant/Bar","no","2020-06-15T20:53:30.000Z",,,,,,
"Joy Burger Bar",3569,"UGC website","2020-07-27","212-289-6222","Restaurants/Bars",40.788454,-73.948722,"1567 Lexington Avenue, New York, NY 10029 ","Open","Yes","Yes","in-house, GRUBHUB, new in-house delivery zone from 79th to 116th streets, fifth avenue to the fdr
","Monday-Sunday 11am-10pm
",,,,"Restaurant/Bar","yes","2020-06-15T20:53:30.000Z",,,,,,
"L.A. Sweets",3570,"UGC website","2020-07-28","646-964-5855","Restaurants/Bars",40.804213,-73.947621,"192 Malcolm X Boulevard, New York, NY 10026 ","Open","Yes","Yes","grubhub, uber eats, postmates
",,,,,"Restaurant/Bar","no","2020-06-15T20:53:30.000Z",,,,,,
"La Avenida",3571,"Ugc website","2020-08-22","212-828-2247","Restaurants/Bars",40.795731,-73.935963,"2247 First Avenue, New York, NY 10029 ","Open","Yes","No",,"Daily 11 a.m.-11 p.m.	
",true,,,"Restaurant/Bar","yes","2020-06-15T20:53:30.000Z",,,,,,
"La Chula",3572,"Ugc website","2020-10-01","646-590-3975","Restaurants/Bars",40.79893,-73.941601,"137 East 116th Street, New York, NY 10029 ","Open","Yes","Yes","grubhub, caviar,
","Tuesday-Sunday 12 p.m.-8 p.m
",true,,,"Restaurant/Bar","yes","2020-06-15T20:53:30.000Z",,"yes",,,,
"La Fonda Boricua",3573,"UGC website","2020-08-22","212-410-7292","Restaurants/Bars",40.791958,-73.94499,"169 East 106th Street, New York, NY 10029 ","Open","Yes","Yes","so call to order: GRUBHUB, uber eats
","### Thursday-Friday 3-8 p.m., Saturday Brunch 2-6 p.m., Dinner 6-8 p.m., Sunday Brunch 1-4:30 p.m., Dinner 4:30-8 p.m.

",true,,,"Restaurant/Bar","yes","2020-06-15T20:53:30.000Z",,,,,,
"La Lechonera",3574,"UGC website","2020-07-27","212-996-1972","Restaurants/Bars",40.802697,-73.934096,"256 East 125th Street, New York, NY 10035 ","Open","Yes","Yes","uber eats
","Monday- Sunday 7am-7pm
",true,,,"Restaurant/Bar","no","2020-06-15T20:53:30.000Z",,,,,,
"La Nostra Pizzeria",3575,"Ayana H","2020-08-22","212-360-7453","Restaurants/Bars",40.793155,-73.940173,"2146 Second Avenue, New York, NY 10029 ","Open","Yes","Yes"," grubhub, postmates
","Monday-Sunday 10 a.m.-9 p.m
",,,,"Restaurant/Bar","yes","2020-06-15T20:53:30.000Z",,,,,,
"La Savane",3576,"UGC website","2020-07-28","646-490-4644","Restaurants/Bars",40.804201,-73.954223,"239 West 116th Street, New York, NY 10026 ","Open","Yes","Yes","Ubereats
","Monday-Sunday 1pm-9pm
",true,true,,"Restaurant/Bar","no","2020-06-15T20:53:30.000Z",,,,,,
"La Tropezienne Bakery",3577,"Ayana H","2020-05-20","212-860-5324","Restaurants/Bars",40.792061,-73.938593,"2131 First Avenue, New York, NY 10029 ","Open","Yes","No",,"Monday-Sunday 11am-7pm
",,,,"Restaurant/Bar",,"2020-06-15T20:53:30.000Z",,,,,,
"Las Delicias Mexicanas",3578,"ugc website","2020-10-01","212-828-3659","Restaurants/Bars",40.797363,-73.940127,"2109 Third Avenue, New York, NY 10029 ","Open","Yes","Yes","in-house, grubhub, doordash, postmates
","Monday-Sunday 10 a.m.-10 p.m
",true,,,"Restaurant/Bar","yes","2020-06-15T20:53:30.000Z",,"yes",,,,
"Le Baobab",3579,"UGC website","2020-07-28","212-864-4700","Restaurants/Bars",40.802335,-73.951183,"120 West 116th Street, New York, NY 10026 ","Open","Yes","Yes","ubereats
","Monday-Sunday 1pm-10pm
",true,true,,"Restaurant/Bar","no","2020-06-15T20:53:30.000Z",,,,,,
"Lee Lee's Bakery",3580,"UGC website","2020-07-28","917-493-6633","Restaurants/Bars",40.805712,-73.954062,"283 West 118th Street, New York, NY 10026 ","Open","Yes","Yes","grubhub
","Monday-Saturday 1pm-6pm
",true,true,,"Restaurant/Bar","no","2020-06-15T20:53:30.000Z",,,,,,
"Lenox Coffee",3581,"UGC website","2020-07-27","646-833-7839","Restaurants/Bars",40.809964,-73.943208,"60 West 129th Street, New York, NY 10027 ","Open","Yes","No","check their instagram for Mondayday-night zoom open mic
","Monday-Sunday 9am-2pm
",,,,"Restaurant/Bar","yes","2020-06-15T20:53:30.000Z",,,"Mess Hall Is a neighborhood bar specializing in craft beer & spirits in a warm environment.  It is the love child of uptown coffee shop moguls Aaron Baird and Karen Cantor (Double Dutch, Chipped Cup, Filtered) and downtown nightlife Singer/Songwriter Shanna Sharp. The three Harlem residents are excited to bring a charming space with rustic cocktails and food in a vibrant and popular area of Harlem.",,,
"Lenox Saphire",3582,"UGC website","2020-07-28","212-866-9700","Restaurants/Bars",40.809379,-73.94483,"341 Malcolm X Boulevard, New York, NY 10027 ","Open","Yes","Yes","Grubhub, Uber Eats
",,true,true,,"Restaurant/Bar","no","2020-06-15T20:53:30.000Z",,,,,,
"Levain Bakery Harlem",3583,"UGC website","2020-07-28","917-464-3789","Restaurants/Bars",40.805129,-73.95539,"2167 Frederick Douglass Boulevard, New York, NY 1002","Open","Yes","Yes","
CAVIAR OR YOU CAN ALSO GET THEM SHIPPED
","Monday- Saturday 8am-7pm, Sunday 8am-9pm, Sunday 8am-9pm
",,,,"Restaurant/Bar","no","2020-06-15T20:53:30.000Z",,,,,,
"Lexington Pizza Parlour & Harlem Baking Co",3584,"UGC website","2020-07-27","(212) 722-7850","Restaurants/Bars",40.789283,-73.948734,"1590 Lexington Avenue, New York, NY 10029 ","Open","Yes","Yes","in-house, GRUBHUB, uber eats, delivery.com, slice, 15% off first order placed via restaurant website
","Monday - Sunday 11:30 a.m. - 10 p.m.	
",,,,"Restaurant/Bar","yes","2020-06-15T20:53:30.000Z",,,,,,
"Lighthouse Fish Market",3585,"UGC website","2020-07-28","212-203-2241","Restaurants/Bars",40.814307,-73.948507,"2451 Frederick Douglass Boulvard, New York, NY 10027 ","Open","Yes","No","accepting walk-in orders only (no phone orders)
",,true,true,,"Restaurant/Bar","no","2020-06-15T20:53:30.000Z",,,,,,
"Lloyd's Carrot Cake & Joosed by Lloyd's",3586,"UGC website","2020-07-27","(212) 831-9156","Restaurants/Bars",40.787867,-73.949174,"1553 Lexington Avenue, New York, NY 10029 ","Open","Yes","No",,"Monday- Friday 9am-5pm, Saturday-Sunday 10am-4pm
",true,true,,"Restaurant/Bar","no","2020-06-15T20:53:30.000Z",,,,,,
"Lolo's Seafood Shack",3587,"UGC Website","2020-07-27","646-649-3356","Restaurants/Bars",40.804817,-73.955695,"303 West 116th Street, New York, NY 10026 ","Open","Yes","Yes","Grubhub, Seamless, Postmates, Delivery.com, Uber Eats
","Tuesday-Thursday 12-10 p.m., Friday-Saturday 12 -10:30 p.m., Sunday 12-9 p.m.
",true,true,,"Restaurant/Bar","yes","2020-06-15T20:53:30.000Z",,,"Leticia Skai Young & Raymond Mohan",,,
"Love Cafe",3588,"UGC website","2020-07-27","212-369-6916","Restaurants/Bars",40.794607,-73.933801,"283 Pleasant Avenue, New York, NY 10029 ","Open","Yes","Yes","Uber eats
","Monday - Friday 7 a.m.- 3:30 p.m., Saturday 7:30 a.m.-2:30 p.m.:
",true,,,"Restaurant/Bar","yes","2020-06-15T20:53:30.000Z",,,,,,
"Lulu & Teddy's Cafe/Bar",3589,"Ugc website","2020-07-27","917-261-5615","Restaurants/Bars",40.794297,-73.940173,"2171 Second Avenue, New York, NY 10029 ","Open","Yes","Yes","IN-HOUSE, GRUBHUB
","Tuesday - Saturday 11 a.m. - 11 p.m.
",true,true,,"Restaurant/Bar","yes","2020-06-15T20:53:30.000Z",,"yes",,,,
"Lyn-Genet's Kitchen",3590,"UGC Website","2020-07-27","646-590-0554","Restaurants/Bars",40.824477,-73.95236,"3473 Broadway, New York, NY 10031 ","Open","Yes","Yes","in house
","Wednesday & Sundays 4pm-7pm
",,,,"Restaurant/Bar","yes","2020-06-15T20:53:30.000Z",,,,,,
"Made in Mexico",3591,"Ugc website","2020-07-27","917-265-8408","Restaurants/Bars",40.794031,-73.940304,"2161 Second Avenue, New York, NY 10029 ","Open","Yes","Yes","GRUBHUB, uber eats, postmates,
","Monday- Sunday  1pm -9 P.M
",true,,,"Restaurant/Bar","yes","2020-06-15T20:53:30.000Z",,,,,,
"Maison Harlem",3592,"UGC website","2020-07-28","212-222-9224","Restaurants/Bars",40.812355,-73.951579,"341 St. Nicholas Avenue, New York, NY 10027 ","Open","Yes","Yes","in house
","Monday - Friday 12 p.m. - 10 p.m. Saturday & Sunday 11 a.m. - 11 p.m.
",,,,"Restaurant/Bar","no","2020-06-15T20:53:30.000Z",,,,,,
"Makana Hawaiian Eatery",3593,"UGC website","2020-07-27","212-368-5033","Restaurants/Bars",40.818468,-73.952914,"1502 Amsterdam Avenue, New York, NY 10031 ","Open","Yes","Yes","in house, grubhub
","Monday-Saturday 11am-9pm, Sunday 12pm-9pm
",,,,"Restaurant/Bar","no","2020-06-15T20:53:30.000Z",,,,,,
"Make My Cake",3594,"UGC website","2020-07-28","212-234-2344","Restaurants/Bars",40.818162,-73.94207,"2380 Adam Clayton Powell Boulevard, New York, NY 10030 ","Open","Yes","Yes","IN-HOUSE, grubhub, doordash, uber eats
","Monday-Sunday 10am-6pm
",true,true,,"Restaurant/Bar","no","2020-06-15T20:53:30.000Z",,,,,,
"Malii Thai Kitchen",3595,"UGC website","2020-07-27","212-289-2789","Restaurants/Bars",40.789438,-73.942973,"2028 Second Avenue, New York, NY 10029 ","Open","Yes","Yes","in-house, grubhub, uber eats, caviar, delivery.com,
","### Sunday-Thursday 11:30 a.m.-10 p.m., Friday-Saturday 
11:30 a.m.-10:30 p.m. 
",true,,,"Restaurant/Bar","yes","2020-06-15T20:53:30.000Z",,,,,,
"Mamasushi",3596,"UGC Website","2020-07-27","646-682-7879","Restaurants/Bars",40.827444,-73.950199,"3569 Broadway, New York, NY 10031 ","Open","Yes","Yes","n-house, grubhub, doordash, postmates, uber eats, get 20% off your first order and 10% off future orders when you use the mamasushi app
","Monday-Sunday 1pm-10pm
",,,,"Restaurant/Bar","yes","2020-06-15T20:53:30.000Z",,,,,,
"Manhattanville Coffee",3597,"UGC website","2020-07-28",,"Restaurants/Bars",40.817207,-73.935611,"142 Edgecombe Avenue, New York, NY 10030 ","Open","Yes","No","check website and/or instagram stories for updates
","Monday-Thursday 9am-4pm, Friday-Sunday 8am-5pm
",,,,"Restaurant/Bar","no","2020-06-15T20:53:30.000Z",,,,,,
"Manna's Soul Food",3598,"UGC website","2020-07-28","212-749-9084","Restaurants/Bars",40.811138,-73.950875,"2353 Frederick Douglass Boulevard, New York, NY 10027 ","Open","Yes","No",,"Sunday-Thursday 8am-9pm, Friday-Saturday 8am-9pm
",,,,"Restaurant/Bar","no","2020-06-15T20:53:30.000Z",,,,,,
"Massawa",3599,"UGC website","2020-07-28","212-663-0505","Restaurants/Bars",40.809698,-73.958535,"1239 Amsterdam Avenue, New York, NY 10027 ","Open","Yes","Yes","seamless, grubhub, uber eats, postmates
","Monday-Sunday 1pm-9pm
",true,true,,"Restaurant/Bar","no","2020-06-15T20:53:30.000Z",,,,,,
"Maxwell's Central Park ",3600,"Ugc website","2020-07-27","646-657-0933","Restaurants/Bars",40.797623,-73.948164,"1325 Fifth Avenue, New York, NY 10029 ","Open","Yes","Yes","grubhub,
","### Monday- Sunday 12 p.m. -9 p.m

",,,,"Restaurant/Bar","yes","2020-06-15T20:53:30.000Z",,,,,,
"Melba's",3601,"UGC Website","2020-07-27","212-864-7777","Restaurants/Bars",40.803138,-73.956685,"300 West 114th Street, New York, NY 10026 ","Open","Yes","Yes","grubhub, uber eat, postmates
","Monday-Sunday 12pm-12am
",true,true,,"Restaurant/Bar","yes","2020-06-15T20:53:30.000Z",,"yes",,,,
"Mess Hall Harlem",3602,"UGC website","2020-07-27","646-692-3092","Restaurants/Bars",40.80584,-73.953997,"2194 Frederick Douglass Boulevard, New York, NY 10026 ","Open","Yes","Yes",,"Monday - Sunday 3:30 p.m. - 10 p.m.
",,,,"Restaurant/Bar","yes","2020-06-15T20:53:30.000Z",,,"Mess Hall Is a neighborhood bar specializing in craft beer & spirits in a warm environment.  It is the love child of uptown coffee shop moguls Aaron Baird and Karen Cantor (Double Dutch, Chipped Cup, Filtered) and downtown nightlife Singer/Songwriter Shanna Sharp. The three Harlem residents are excited to bring a charming space with rustic cocktails and food in a vibrant and popular area of Harlem.",,,
"Mojo Mousse Bar",3603,"UGC website","2020-07-27","917-331-3278","Restaurants/Bars",40.788454,-73.948722,"177 East 100th Street, New York, NY 10029 ","Open","Yes","Yes","IN-HOUSE, SWEETIST
","### Tuesday - Saturday 12 p.m.-6 p.m., Sunday 10 a.m.-6 p.m.

",,,,"Restaurant/Bar","yes","2020-06-15T20:53:30.000Z",,"yes",,,,
"Mountain Bird",3604,"Ugc website","2020-08-22","607-358-6125","Restaurants/Bars",40.7938,-73.939753,"2162 Second Avenue, New York, NY 10029 ","Open","Yes","Yes","Seamless
","### Wednesday-Sunday 5-10 p.m

",,,,"Restaurant/Bar","yes","2020-06-15T20:53:30.000Z",,"yes",,,,
"Naughty Crab",3605,"UGC website","2020-07-27","646-726-4446","Restaurants/Bars",40.789737,-73.947864,"1621 Lexington Avenue, New York, NY 10029 ","Open","Yes","Yes","in house
","Thurs-Friday 5pm-9pm, Saturday-Sunday 2pm-9pm
",,,,"Restaurant/Bar","yes","2020-06-15T20:53:30.000Z",,,,,,
"NBHD Brulee",3606,"UGC website","2020-07-27","646-952-4500","Restaurants/Bars",40.819361,-73.944048,"2620 Frederick Douglass Boulevard, New York, NY 10030","Open","Yes","No",,"Tuesday-Sunday 9am-3pm
",true,true,,"Restaurant/Bar","yes","2020-06-15T20:53:30.000Z",,,,,,
"Nocciola ",3607,"Ugc website","2020-07-27","646-559-5304","Restaurants/Bars",40.797504,-73.938381,"237 East 116th Street, New York, NY 10029 ","Open","Yes","Yes","Receive 20% OFF on all bottles of wine & beer when you order over the phone
","Monday-Sunday 4:00 p.m.-10 p.m.
",true,,,"Restaurant/Bar","yes","2020-06-15T20:53:30.000Z",,"yes",,,,
"Oso",3608,"UGC website","2020-07-27","646-858-3139","Restaurants/Bars",40.822021,-73.950288,"1618 Amsterdam Avenue, New York, NY 10031 ","Open","Yes","Yes","in house, seamless
","Tuesday-Sunday 2pm-9pm
",,,,"Restaurant/Bar","yes","2020-06-15T20:53:30.000Z",,,,,,
"Pabade Bakery",3609,"UGC website","2020-07-27","646-490-7863","Restaurants/Bars",40.795154,-73.944678,"135 East 110th Street, New York, NY 10029 ","Open","Yes","Yes","YOU CAN still order pastry box deliveries ONLINE
","### Monday -Friday 6:30 A.M.-3:30 P.M
",true,,,"Restaurant/Bar","yes","2020-06-15T20:53:30.000Z",,,,,,
"Patisserie Des Ambassades",3610,"UGC website","0202-07-27","212-066-0078","Restaurants/Bars",40.806022,-73.953866,"2200 Frederick Douglass Boulevard, New York, NY 10026 ","Open","Yes","Yes","grubhub, postmates
","Monday-Friday 7 a.m. -11 p.m. , Saturday & Sunday 8 a.m. - 11 p.m.
",true,true,,"Restaurant/Bar","yes","2020-06-15T20:53:30.000Z",,,,,,
"Patsy's Pizza",3611,"UGC website","2020-07-27","212-534-9783","Restaurants/Bars",40.797179,-73.934957,"2287 First Avenue, New York, NY 10035 ","Open","Yes","No",,"Monday-Saturday 11 A.m.-midnight, Sunday 11 a.m.-11 p.m.
",,,,"Restaurant/Bar","no","2020-06-15T20:53:30.000Z",,,,,,
"Perk Kafe",3612,"UGC website","2020-07-27","212-686-7375","Restaurants/Bars",40.784572,-73.947216,"1867 Second Avenue, New York, NY 10029 ","Open","Yes","No",,"Monday-Friday 7:30am-3pm, Saturday-Sunday 8am-4pm
",,,,"Restaurant/Bar","no","2020-06-15T20:53:30.000Z",,"yes",,,,
"Pikine",3613,"UGC website","2020-07-28","646-922-7015","Restaurants/Bars",40.804257,-73.954347,"243 West 116th Street, New York, NY 10026 ","Open","Yes","No",,"Monday-Sunday 2pm-midnight
",true,true,,"Restaurant/Bar","no","2020-06-15T20:53:30.000Z",,,,,,
"Pisticci",3614,"UGC website","2020-07-27","212-932-3500","Restaurants/Bars",40.814387,-73.960277,"125 La Salle Street, New York, NY 10027 ","Open","Yes","Yes","
now back open! 10% off orders via the website
","Tuesday - Sunday 5-10pm	
",,,,"Restaurant/Bar","yes","2020-06-15T20:53:30.000Z",,,,,,
"Pizza by Lucille’s",3615,"UGC website","2020-07-27","646-370-4270","Restaurants/Bars",40.825832,-73.938819,"26c Macombs Place, New York, NY 10039","Open","Yes","Yes","IN-HOUSE, GRUBHUB, POSTMATES, SLICE, for pick-up orders make sure to order on their website; also offers their pizzas frozen for you to bake at home
","Tuesday-Sunday 12pm-9pm
",,,,"Restaurant/Bar","no","2020-06-15T20:53:30.000Z",,,,,,
"Polash Indian",3616,"UGC website","2020-07-27","212-410-0276","Restaurants/Bars",40.799593,-73.938444,"2179 Third Avenue, New York, NY 10035 ","Open","Yes","Yes","grubhub, delivery.com
","Monday- Sunday 12pm-6 p.m
",true,,,"Restaurant/Bar","no","2020-06-15T20:53:30.000Z",,,,,,
"Ponty Bistro",3617,"UGC website","2020-07-27","212-234-6475","Restaurants/Bars",40.817585,-73.941523,"2375 Adam Clayton Powell Jr Blvd New York, NY 10030 ","Open","Yes","Yes","Grubhub, postmates, delivey
",,true,true,,"Restaurant/Bar","yes","2020-06-15T20:53:30.000Z",,,,,,
"Pro Thai",3618,"UGC website","2020-10-01","917-475-1494","Restaurants/Bars",40.788821,-73.948453,"1575 Lexington Avenue, New York, NY 10029 ","Open","Yes","Yes","in-house, grubhub, postmates, uber eats
","Daily 11:30 a.m.-3:30 p.m., 4:30-9:30 p.m.
",true,,,"Restaurant/Bar","yes","2020-06-15T20:53:30.000Z",,"yes","Putthida Hensawang (Sommy)",,,
"Proof Coffee",3619,"UGC website","2020-07-27","212-234-8290","Restaurants/Bars",40.814987,-73.94434,"2286 Adam Clayton Powell Boulevard, New York, NY 10030 ","Open","Yes","Yes","Seamless
","Monday-Sunday 7am-3pm
",,,,"Restaurant/Bar","no","2020-06-15T20:53:30.000Z",,,,,,
"Q&N",3620,"Ayana H","2020-05-20","212-860-2021,","Restaurants/Bars",40.805065,-73.93832,"107 East 125th Street, New York, NY 10035","Open","Yes","Yes","n-house delivery when you call them by phone
","Monday- Sunday 6 a.m.-5 p.m
",,,,"Restaurant/Bar",,"2020-06-15T20:53:30.000Z",,,,,,
"Quechua Nostra Peruvian",3621,"UGC website","2020-07-27","212-410-0707","Restaurants/Bars",40.790587,-73.947712,"1634 Lexington Avenue, New York, NY 10029 ","Open","Yes","Yes","GRUBHUB, UBER EATS, POSTMATES, DOORDASH, DELIVERY.COM
","Monday-Saturday 11 a.m.-10 p.m.

",true,,,"Restaurant/Bar","yes","2020-06-15T20:53:30.000Z",,,,,,
"Quesadillas Dona Maty",3622,"Ugc Website","2020-07-27","646-789-6237","Restaurants/Bars",40.797266,-73.939006,"228 East 116th Street, New York, NY 10029 ","Open","Yes","No",,"Monday-Sunday 10 a.m.-11 p.m.
",true,,,"Restaurant/Bar","yes","2020-06-15T20:53:30.000Z",,,,,,
"Rai Rai Ken",3623,"UGC website","2020-07-28","917-639-3342","Restaurants/Bars",40.817109,-73.953175,"1467 Amsterdam Avenue, New York, NY 10027 ","Open","Yes","Yes","grubhub, uber eats
","Tuesday-Sunday 1pm-9pm
",,,,"Restaurant/Bar","no","2020-06-15T20:53:30.000Z",,,,,,
"Rancho Vegano",3624,"Ayana H","2020-05-20","212-987-4196","Restaurants/Bars",40.797289,-73.937239,"2270 Second Avenue, New York, NY 10035 ","Open","Yes","Yes",,"Monday-Sunday  8 A.M.-8 p.m.
",true,,,"Restaurant/Bar",,"2020-06-15T20:53:30.000Z",,,,,,
"Rao's",3625,"UGC website","2020-07-27","212-722-6709","Restaurants/Bars",40.794012,-73.934212,"455 East 114th Street, New York, NY 10029 ","Open","Yes","No","join the waitlist for a taste of Rao’s by sending a direct message via instagram; you will be contacted if selected and then assigned a date to pick up a dinner for two of penne marinara, meatballs, leMonday chicken & salad, for $80 (cash only), Tax and gratuity included
",,,,,"Restaurant/Bar","no","2020-06-15T20:53:30.000Z",,,,,,
"Renaissance Harlem",3626,"UGC website","2020-07-27","646-838-7604","Restaurants/Bars",40.813341,-73.94468,"2245 Adam Clayton Powell Boulevard, New York, NY 10027 ","Open","Yes","Yes","Grubhub, Seamless, Uber Eats, Postmastes, Doordash
","Monday-Sunday 10 a.m.-11 p.m.
",true,true,,"Restaurant/Bar","yes","2020-06-15T20:53:30.000Z",,,,,,
"Reverence",3627,"UGC website","2020-07-27",,"Restaurants/Bars",40.818506,-73.944794,"2592 Frederick Douglass Boulevard, New York, NY 10030 ","Open","Yes","No","curated bento boxes are available for pre-order on select dates here
",,true,true,,"Restaurant/Bar","no","2020-06-15T20:53:30.000Z",,,,,,
"Roland's",3628,"UGC website","2020-07-28","646-682-7810","Restaurants/Bars",40.81203,-73.95077,"303 West 127th Street, New York, NY 10027 ","Open","Yes","Yes","Grubhub
",,,,,"Restaurant/Bar","no","2020-06-15T20:53:30.000Z",,,,,,
"Ruby's Vintage",3629,"UGC website","2020-07-27","646-454-9899","Restaurants/Bars",40.81694,-73.943021,"2340 Adam Clayton Powell Boulevard, New York, NY 10030 ","Open","Yes","Yes","Gubhub, check out their new offerings including family meals, plus get 10% off when you place your order by calling the restaurant
","Monday-Sunday 4pm-10pm
",true,true,,"Restaurant/Bar","yes","2020-06-15T20:53:30.000Z",,,,,,
"Safari",3630,"UGC website","2020-07-28","646-964-4252","Restaurants/Bars",40.803851,-73.953414,"219 West 116th Street, New York, NY 10026 ","Open","Yes","Yes","postmates
","Monday-Sunday 12pm-8pm
",true,true,,"Restaurant/Bar","no","2020-06-15T20:53:30.000Z",,,,,,
"Sam's Famous Pizzeria",3631,"UGC website","2020-07-27","212-348-9437","Restaurants/Bars",40.798324,-73.941637,"150 East 116th Street, New York, NY 10029 ","Open","Yes","Yes","Grubhub
","Monday -Saturday 11 A.M.-9 P.M.
",,,,"Restaurant/Bar","no","2020-06-15T20:53:30.000Z",,,,,,
"San Agustin Bakery",3632,"UGC website","2020-07-27","212-996-5223","Restaurants/Bars",40.797394,-73.938027,"249 East 116th Street, New York, NY 10029 ","Open","Yes","No",,"Monday-Sunday 11:30 a.m.-11:30 p.m.
",true,,,"Restaurant/Bar","no","2020-06-15T20:53:30.000Z",,,,,,
"Sandy Restaurant",3633,"UGC website","2020-07-27","212-348-8654","Restaurants/Bars",40.79726,-73.937937,"2261 Second Avenue, New York, NY 10035 ","Open","Yes","Yes","IN-HOUSE, GRUBHUB, UBER EATS, DOORDASH
","Monday-Sunday 8 A.M.-9 P.M
",,,,"Restaurant/Bar","no","2020-06-15T20:53:30.000Z",,,,,,
"Santiago's Beer Garden",3634,"UGC Website","2020-07-27","212-920-6165","Restaurants/Bars",40.798532,-73.933872,"2337 First Avenue, New York, NY 10035 ","Open","Yes","Yes","seamless, uber eats, ez cater,
","Monday-Sunday 10:30 a.m.-10 p.m
",true,,,"Restaurant/Bar","yes","2020-06-15T20:53:30.000Z",,"yes",,"Accepting advances outdoor reservations by phone or Instagram
",,
"Sapoara Wood-Roasting Grill & Bar",3635,"UGC website","2020-07-27","212- 256-0199","Restaurants/Bars",40.796157,-73.934986,"2262 First Avenue, New York, NY 10035 ","Open","Yes","Yes","grubhub, ez cater, free chicken soup for anyone who needs it (until supplies run out)
","Monday, Wednesday-Saturday 12-8 p.m.
",true,,,"Restaurant/Bar","no","2020-06-15T20:53:30.000Z",,,,,,
"Seasoned Vegan",3636,"Ayana H","2020-05-20","212-222-0092","Restaurants/Bars",40.800677,-73.95281,"55 St Nicholas Avenue, New York, NY 10026 ","Open","Yes",,"(reduced hours, and may change so check instagram): uber eats, postmates
","Wednesday-Friday 5pm-10pm, Saturday 1pm-10pm, Sunday 4pm-9pm
",true,true,,"Restaurant/Bar",,"2020-06-15T20:53:30.000Z",,,,,,
"Seregenti Teas & Spices",3637,"Ayana H","2020-08-22","(212) 837-1057","Restaurants/Bars",40.805779,-73.941304,"22 East 125th Street, New York, NY 10035 ","Open","Yes","Yes","in-house
","Wednesday-Saturday 12-5 p.m.
",true,true,,"Restaurant/Bar","no","2020-06-15T20:53:30.000Z",,"yes",,,,
"Settepani",3638,"UGC Website","2020-07-27","646-964-5855","Restaurants/Bars",40.804306,-73.947583,"196 Malcolm X Boulevard, New York, NY 10026 ","Open","Yes","Yes","caviar
","Friday -Sunday 4 p.m.-11 p.m.
",true,true,,"Restaurant/Bar","yes","2020-06-15T20:53:30.000Z",,,,,,
"Sidewalk Tacos",3639,"UGC website","2020-07-27","6464549255/646-454-9966","Restaurants/Bars",40.794093,-73.940259,"2163 Second Avenue, New York, NY 10029 ","Open","Yes","Yes","call in advance because hours may vary
","Monday- Sunday 11am-8pm
",,,,"Restaurant/Bar","no","2020-06-15T20:53:30.000Z",,,,,,
"Sisters Cuisine",3640,"UGC website","2020-07-27","212-410-3000","Restaurants/Bars",40.805079,-73.940816,"47 East 124th Street, New York, NY 10035 ","Open","Yes","Yes","POSTMATES, doordash, uber eats
","Tuesday- Sunday 11 a.m.-9 p.m
",true,true,,"Restaurant/Bar","yes","2020-06-15T20:53:30.000Z",,,,,,
"Sita Thai",3641,"UGC website","2020-07-28","646-901-5623","Restaurants/Bars",40.828944,-73.949066,"3609 Broadway, New York, NY 10031 ","Open","Yes","Yes","grubhub
","Monday-Sunday 12pm-11pm
",,,,"Restaurant/Bar","no","2020-06-15T20:53:30.000Z",,,,,,
"Sofrito",3642,"Ayana H","2020-05-20","212-754-5999","Restaurants/Bars",40.827282,-73.955282,"679 Riverside Drive, New York, NY 10031 ","Open","Yes","Yes","in-house
","Tuesday-Sunday 12pm-9m
",,,,"Restaurant/Bar",,"2020-06-15T20:53:30.000Z",,,,,,
"Solace Bar & Grill",3643,"UGC website","2020-07-28","212-926-0166","Restaurants/Bars",40.824797,-73.951264,"3496 Broadway, New York, NY 10031 ","Open","Yes","Yes","in house
","Wednesday-Sunday 4pm-8pm
",,,,"Restaurant/Bar","no","2020-06-15T20:53:30.000Z",,,,,,
"Sottocasa",3644,"UGC Website","2020-07-27","646-928-4870","Restaurants/Bars",40.805579,-73.947526,"227 Malcolm X Boulevard, New York, NY 10027 ","Open","Yes","Yes","IN-HOUSE, 10 PERCENT OFF ORDERS ON THE WEBSITE & free margherita pizza when you purchase a bottle of wine
","Monday-Sunday 5pm-9:30pm
",,,,"Restaurant/Bar","yes","2020-06-15T20:53:30.000Z",,,,,,
"Spice Hut Indian",3645,"UGC website","2020-07-27","646-859-7055","Restaurants/Bars",40.789675,-73.942797,"2036 Second Avenue, New York, NY 10029 ","Open","Yes","Yes","IN-HOUSE, grubhub, doordash, postmates, uber eats, HAD BEEN CLOSED, BUT OPEN AS OF MAY 1! 30% OFF YOUR FIRST ORDER PLACED VIA THEIR WEBSITE
","		
",,,,"Restaurant/Bar","no","2020-06-15T20:53:30.000Z",,,,,,
"Sugar Hill Creamery",3646,"UGC website","2020-07-28","212-634-9004","Restaurants/Bars",40.803968,-73.947793,"184 Malcolm X Boulevard, New York, NY 10026 ","Open","Yes","Yes","GRUBHUB, POSTMATES, UBER EATS, try out their ice cream subscription
","Monday-Thursday 2:30pm-10pm Friday 2:30pm-11pm Saturday 12pm-11pm, Sunday 12pm-10pm
",true,true,,"Restaurant/Bar","no","2020-06-15T20:53:30.000Z",,,"Nicholas Larsen and Petrushka Bazin Larsen",,,
"Sugar Monk Lounge",3647,"UGC website","2020-07-28","917-409-0028","Restaurants/Bars",40.808918,-73.951737,"2292 Frederick Douglass Boulevard, New York, NY 10027 ","Open","Yes","Yes","in-house, doordash
","Friday-Saturday 4pm-8pm
",,,,"Restaurant/Bar","no","2020-06-15T20:53:30.000Z",,,,,,
"Super Nice Coffee & Bakery",3648,"UGC website","2020-09-14","917-261-5069","Restaurants/Bars",40.79903,-73.941056,"156 East 117th Street, New York, NY 10035 ","Open","Yes","Yes","POSTMATES, doordash, uber eats, add virtual tips for staff here, plus let them know if you like the idea of “bread day” here. plus now Fridaydays-Sundaydays they’re offering late-night donuts from 7-11 p.m.
","Tuesday - Sunday 8 a.m.-5 p.m
",,,,"Restaurant/Bar","no","2020-06-15T20:53:30.000Z",,,,,"Fridaydays-Sundaydays they’re offering late-night donuts from 7-11 p.m.",
"Sweet Chef Southern Style Bakery",3649,"UGC website","2020-07-28","212-862-5909","Restaurants/Bars",40.824058,-73.949353,"122 Hamilton Place, New York, NY 10031","Open","Yes","Yes","grubhub, uber eats
","Monday-Saturday 12pm-8:30pm Sunday 12pm-7pm
",true,true,,"Restaurant/Bar","no","2020-06-15T20:53:30.000Z",,,,,,
"Sylvia's Restaurant",3650,"UGC website","2020-07-28","212-996-0660","Restaurants/Bars",40.808588,-73.944428,"328 Malcolm X Boulevard, New York, NY 10027 ","Open","Yes","Yes","Uber Eats, postmates, doordash, check out the sylvias family package that feeds 4-5 people for $50 (family-style Fridayed or baked chicken with two sides)
","Monday-Sunday 11am-8pm
",true,true,,"Restaurant/Bar","no","2020-06-15T20:53:30.000Z",,,,,,
"Taco Mix",3651,"Ugc website","2020-07-27","212-289-2693","Restaurants/Bars",40.797142,-73.93876,"234 East 116th Street, New York, NY 10029 ","Open","Yes","Yes","in-house, grubhub, POSTMATES, uber eats, 10% discount for orders placed in-house
","Monday-Sunday 1 p.m.-3 a.m.
",true,,,"Restaurant/Bar","yes","2020-06-15T20:53:30.000Z",,,,,,
"Taqueria Guadalupe ",3652,"UGC website","2020-07-27","212-828-6520","Restaurants/Bars",40.79372,-73.944945,"1743 Lexington Avenue, New York, NY 10029 ","Open","Yes","Yes","grubhub, DELIVERY.COM
","Monday- Sunday 12pm-Midnight
",true,,,"Restaurant/Bar","yes","2020-06-15T20:53:30.000Z",,,,,,
"Taste of Seafood",3653,"UGC website","2020-07-28","212-866-0275","Restaurants/Bars",40.816189,-73.946424,"2530 Frederick Douglass Boulevard, New York, NY 10030 ","Open","Yes","Yes","Grubhub
","Tuesday-Friday 11am-8pm, Saturday 12pm-8pm
",true,true,,"Restaurant/Bar","no","2020-06-15T20:53:30.000Z",,,,,,
"TeamworkOn3 Juice Bar",3654,"UGC website","2020-07-27","646-657-0788","Restaurants/Bars",40.802445,-73.938564,"2007 Lexington Avenue, New York, NY 10035 ","Open","Yes","Yes","grubhub, uber eats
","Monday-Sunday10 a.m.-10 p.m
",true,true,,"Restaurant/Bar","no","2020-06-15T20:53:30.000Z",,,,,,
"Teranga",3655,"UGC website","2020-07-27",,"Restaurants/Bars",40.7963,-73.949103,"1280 Fifth Avenue, New York, NY 10029","Open","Yes","Yes","in-house, grubhub, uber eats, caviar, doordash
","Tuesday-Sunday 12pm-8pm
",true,true,,"Restaurant/Bar","yes","2020-06-15T20:53:30.000Z",,,,,,
"Thai BKK",3656,"Ayana H","2020-05-20","212-860-2270","Restaurants/Bars",40.802815,-73.938332,"2021 Lexington Avenue, New York, NY 10035 ","Open","Yes","Yes","grubhub, postmates
",,,,,"Restaurant/Bar",,"2020-06-15T20:53:30.000Z",,,,,,
"Thai Super",3657,"UGC website","2020-07-27","646-559-1339","Restaurants/Bars",40.799377,-73.939908,"166 East 118th Street, New York, NY 10035 ","Open","Yes","Yes","in-house, grubhub, uber eats
","Monday- Sunday 12:30-9:45 p.m
",,,,"Restaurant/Bar","no","2020-06-15T20:53:30.000Z",,,,,,
"The Chipped Cup",3658,"UGC website","2020-07-28","212-368-8881","Restaurants/Bars",40.82852,-73.948515,"3610 Broadway, New York, NY 10031 ","Open","Yes","Yes","postmates
","Monday-Sunday 8am-4pm
",,,,"Restaurant/Bar","no","2020-06-15T20:53:30.000Z",,,"Mess Hall Is a neighborhood bar specializing in craft beer & spirits in a warm environment.  It is the love child of uptown coffee shop moguls Aaron Baird and Karen Cantor (Double Dutch, Chipped Cup, Filtered) and downtown nightlife Singer/Songwriter Shanna Sharp. The three Harlem residents are excited to bring a charming space with rustic cocktails and food in a vibrant and popular area of Harlem.",,,
"The Craftsman",3659,"UGC website","2020-07-27","212-933-0602","Restaurants/Bars",40.814702,-73.959456,"3155 Broadway, New York, NY 10027 ","Open","Yes","Yes","Grubhub, uber eats, postmates
","Monday-Sunday 12pm-8pm
",,,,"Restaurant/Bar","yes","2020-06-15T20:53:30.000Z",,,,,,
"The Edge",3660,"UGC website","2020-07-27","212-939-9688","Restaurants/Bars",40.821112,-73.945257,"131 Edgecombe Avenue, New York, NY 10030 ","Open","Yes","Yes","Seamless, Grubhub, Postmates
","Monday-Saturday 11am-9pm, Sunday 12pm-4pm
",true,true,,"Restaurant/Bar","no","2020-06-15T20:53:30.000Z",,,"Sisters Juliet and Justine Masters, a chef and a real estate broker",,,
"The Expat",3661,"UGC website","2020-07-27","646-410-2922","Restaurants/Bars",40.81544,-73.960192,"64 Tiemann Place, New York, NY 10027 ","Open","Yes","Yes","in house
","Monday-Sunday 11:30am-11pm
",,,,"Restaurant/Bar","yes","2020-06-15T20:53:30.000Z",,,,,,
"The Grange Bar & Eatery",3662,"UGC website","2020-07-27","212-491-1635","Restaurants/Bars",40.822412,-73.949397,"1635 Amsterdam Avenue, New York, NY 10031 ","Open","Yes","Yes","brunch on Saturdayurdays and Sundaydays 12-4 p.m.: SEAMLESS, uber eats, get 10 percent off pick-up orders
","Monday-Sunday 4pm-10pm
",,,,"Restaurant/Bar","yes","2020-06-15T20:53:30.000Z",,,,,,
"The Handpulled Noodle",3663,"UGC website","2020-07-28","917-262-0213","Restaurants/Bars",40.828326,-73.948634,"3600 Broadway, New York, NY 10031 ","Open","Yes","Yes","in-house, grubhub, postmates, uber Eats
","Sunday-Thursday 11:30am-11pm, Friday & Saturday 11:30am-midnight 
",,,,"Restaurant/Bar","no","2020-06-15T20:53:30.000Z",,,,,,
"The Lexington Social",3664,"UGC website","2020-07-27","646-820-7013","Restaurants/Bars",40.790587,-73.947712,"1634 Lexington Avenue, New York, NY 10029 ","Open","Yes","Yes","grubhub, delivery.com, bottles of wine are $15 with food purchase
","### Monday - Friday 12 p.m.- 10 P.M., Saturday- Sunday 1 p.m. -10 p.m
	
",,,,"Restaurant/Bar","yes","2020-06-15T20:53:30.000Z",,"yes",,,,
"The Rochard NYC",3665,"UGC website","2020-08-22","212-722-8959","Restaurants/Bars",40.786761,-73.950649,"1504 Lexington Avenue, New York, NY 10029 ","Open","Yes","Yes","Grubhub
","Tuesday-Sunday 2-10 p.m.
",,,,"Restaurant/Bar","yes","2020-06-15T20:53:30.000Z",,,,,,
"Tres Leche Cafe",3666,"UGC website","2020-07-27","646-559-0176","Restaurants/Bars",40.793496,-73.937818,"356 East 112th Street, New York, NY 10029 ","Open","Yes","No",,"Monday - Saturday 10 a.m.-3 p.m
",true,,,"Restaurant/Bar","no","2020-06-15T20:53:30.000Z",,,,,,
"Tsion Cafe",3667,"UGC website","2020-07-27","212-234-2070","Restaurants/Bars",40.82632,-73.943487,"763 St. Nicholas Avenue, New York, NY 1003","Open","Yes","Yes","in-house, GRUBHUB, offering meals for various dietary needs (call for more info)
","Tuesday-Sunday 2pm-8pm
",true,true,,"Restaurant/Bar","yes","2020-06-15T20:53:30.000Z",,,,,,
"Uncle Tony's Pizza",3668,"UGC website","2020-07-28","212-690-7500","Restaurants/Bars",40.821438,-73.950724,"1596 Amsterdam Avenue, New York, NY 10031 ","Open","Yes","Yes","in house, grubhub, uber eats, slice
","Monday-Sunday 11am-10pm
",,,,"Restaurant/Bar","no","2020-06-15T20:53:30.000Z",,,,,,
"Uptown Veg ",3669,"UGC website","2020-07-27","212-987-2660","Restaurants/Bars",40.805461,-73.940583,"52 East 125th Street, New York, NY 10035 ","Open","Yes","Yes","grubhub (PREFERRED), POSTMATES, uber eats
","Monday- Sunday 10 a.m.-8 p.m.
",true,true,,"Restaurant/Bar","no","2020-06-15T20:53:30.000Z",,,,,,
"Vinateria",3670,"UGC Website","2020-07-27","212-662-8462","Restaurants/Bars",40.806649,-73.954074,"2211 Frederick Douglass Boulevard, New York, NY 10026 ","Open","Yes","Yes","in house, grubhub
","Monday-Thursday 4pm-9pm, Friday 4pm-10pm, Saturday 12pm-10pm, Sunday 12pm-9pm
",true,true,,"Restaurant/Bar","yes","2020-06-15T20:53:30.000Z",,,"Yvette Leeper-Bueno",,,
"Wat's On Your Plate",3671,"UGC website","2020-07-28","212-234-4411","Restaurants/Bars",40.825801,-73.94839,"513 West 145th Street, New York, NY 10031 ","Open","Yes","Yes","Ubereats
",,,,,"Restaurant/Bar","no","2020-06-15T20:53:30.000Z",,,,,,
"Wat's On Your Plate II",3672,"Ayana H","2020-05-20","646-767-9355","Restaurants/Bars",40.818791,-73.937902,"641 Malcolm X Boulevard, New York, NY 10030 ","Open",,,"grubhub, uber eats, postmates, DOORDASH
",,,,,"Restaurant/Bar",,"2020-06-15T20:53:30.000Z",,,,,,
"Watkins Health Food Store / The EggRoll Queen",3673,"UGC website","2020-07-28","212-831-2955","Restaurants/Bars",40.806889,-73.944108,"46 West 125th Street, New York, NY 10027 ","Open","Yes","No",,,true,true,,"Restaurant/Bar","no","2020-06-15T20:53:30.000Z",,,,,,
"Yuzu Harlem",3674,"UGC website","2020-07-28","646-861-3883","Restaurants/Bars",40.809322,-73.943887,"350 Malcolm X Boulevard, New York, NY 10027 ","Open","Yes","Yes","ORDER PICK-UP HERE, ORDER DELIVERY HERE, ALSO AVAILABLE ON GRUBHUB, UBER EATS, DOORDASH,
","Monday-Wednesday 4:30pm-8pm, Thursday-Saturday 4:30pm-9pm
",,,,"Restaurant/Bar","no","2020-06-15T20:53:30.000Z",,,,,,
"Urban Garden Center",3730,,"2020-09-21","646-872-3991","Independent Retail",40.799365,-73.943143,"1640 Park Avenue, New York, NY 10035","Open","Yes","No","CLICK HERE FOR VEGETABLE AND HERB PLANT AVAILABILITY
","Monday-Friday 12pm-6pm, Offering curbside Monday-Saturday 10am-5pm
",,,,,,"2020-06-15T20:53:30.000Z",,,,,,
"Mushtari Hardware",3734,,"2020-09-21","212-996-5544","Independent Retail",40.807231,-73.943448,"31 West 125th Avenue, New York, NY 10039","Open",,,,"Monday-Saturday 10 A.M.-6 P.M
",,,,,,"2020-06-15T20:53:30.000Z",,,,,,
"Daps",3832,"UGC website","2020-08-03","(212) 408-3277","Restaurants/Bars",40.805726,-73.9399,"63 East 125th Street, New York, NY 10035","Open","Yes","Yes",,"Tuesday -Saturday 10 A.M.-7 P.M
",true,true,,,"yes","2020-06-22T22:48:57.000Z",,,,,,
"Cassava House",3833,"UGC Website","2020-07-27","646-928-0219","Restaurants/Bars",40.796333,-73.934818,"2270 First Avenue New York, NY 10035","Open","Yes","Yes",,"Monday-Friday 8 A.M.-4 P.M., Saturday-Sunday 8 A.M.-3 P.M
",,,"https://www.instagram.com/cassavahouseny/",,"yes","2020-06-22T23:22:48.000Z",,,,,,
"Kiosk",3834,"UGC Website","2020-07-27",,"Restaurants/Bars",40.799187,-73.943789,"80 East 116th Street, New York, NY 10029","Open","Yes","Yes",,"Monday -Saturday 11 a.m. .-10:30 p.m.
",,,,,"yes","2020-06-23T18:14:00.000Z",,"yes",,,,
"Angel of Harlem",3835,"UGC Website","2020-07-27","212-316-0350","Restaurants/Bars",40.807973,-73.95242,"2272 Frederick Douglass Boulevard, New York, NY 10027","Open","Yes","Yes",,"Friday-Sunday 4 p. m. -11 p. m.	 	
",,,"https://www.instagram.com/angelofharlemny/",,"yes","2020-06-23T18:23:37.000Z","http://www.angelofharlemnyc.com/",,"Anahi Angelone opened the bar Corner Social in 2012 after managing Irish bars downtown for a decade. Two years later Corner Social was so successful that she opened a restaurant, Angel of Harlem. Both are profitable. In the summer she and her partners, including former Time Warner CEO Richard Parsons, took over The Cecil Steakhouse as well as Minton’s Playhouse, the adjoining restaurant and venue that had closed in 2016.",,,
"Lido",3836,"UGC Website","2020-07-27","(646) 850-3623","Restaurants/Bars",40.804882,-73.954677,"2168 Frederick Douglass Boulevard, New York, NY 10026","Open","Yes","Yes",,"Wednesday & Thursday 4 p.m.-10 p.m., Friday 2 p.m. - 10 p.m., Saturday & Sunday 12 p.m. -10 p.m.
",true,,,,"yes","2020-06-23T18:25:23.000Z",,,"Susannah Koteen opened it in 2011: https://www.thenycalliance.org/about/susannah-koteen",,,
"Lion Lion Bar",3838,,"2020-09-30","917-262-0517","Restaurants/Bars",40.796266,-73.936591,"332 East 116th Street, New York, NY 10029","Closed","Yes","Yes",,"Wednesday-Sunday 2-11 p.m.
",,,,,"yes","2020-06-23T21:59:04.000Z",,,,,,
"Ricardo Steakhouse",3839,"UGC website","2020-07-27","(212) 289-5895","Restaurants/Bars",40.793514,-73.940653,"2145 Second Avenue, New York, NY 10029","Open","Yes","No",,"Sunday-Wednesday 11 a.m.-11 p.m., Thursday-Saturday 11 a.m.-Midnight
",true,,,,"yes","2020-06-25T13:38:59.000Z",,,,"Outdoor dining is by reservation only.
",,
"Le Petit Parisien",3840,"UGC website","2020-07-27","(917) 262-0524","Restaurants/Bars",40.803187,-73.94929,"151 Malcolm X Boulevard, New York, NY 10027","Open","Yes","Yes",,"Daily 8 a.m.-7:30 p.m
",,,,,"yes","2020-06-27T23:36:52.000Z",,,,,,
"L'Artista",3841,,"2020-06-27","(646) 858-0312","Restaurants/Bars",40.824354,-73.948772,"142 Hamilton Place, New York, NY 10031","Open","Yes","Yes",,"Monday-Friday 3-10 p.m., Saturday-Sunday 11 a.m.-11 p.m.
",,,,,"yes","2020-06-27T23:42:59.000Z",,,,,,
"Trufa",3842,"UGC website","2020-07-27","(212) 281-6165","Restaurants/Bars",40.823213,-73.953235,"3431 Broadway, New York, NY 10031","Open","Yes","Yes",,"Monday-Thursday 11 a.m.-Midnight, Friday 11 a.m.-1 am., Saturday-Sunday 9 a.m.-Midnight	
",,,,,"yes","2020-06-28T00:39:03.000Z",,,,,,
"Osteria Laura",3843,"UGC Website","2020-07-27","(917) 261-6575","Restaurants/Bars",40.802419,-73.95353,"1890 Adam Clayton Powell Boulevard, New York, NY 10026","Open","Yes","Yes",,"Tuesday-Saturday 1-9 p.m.
",,,,,"yes","2020-06-28T00:54:00.000Z",,,,,,
"Catch & Grill ",3844,"UGC website","2020-07-28","646-448-4162","Restaurants/Bars",40.809086,-73.944075,"342 Malcolm X Boulevard, New York, NY 10027","Open","Yes","No",,"Monday-Thursday, 11 a.m.-Midnight, Friday-Sunday 11 a.m.-2 a.m.	
",,,,,"no","2020-06-28T00:54:50.000Z",,,,,,
"El Agave",3845,"Ugc website","2020-07-27","(646) 368-1856","Restaurants/Bars",40.797416,-73.939307,"218 East 116th Street, New York, NY 10029","Open","Yes","No",,"Daily, 12-8 p.m.	
",true,,"https://www.instagram.com/el_agave_116st/",,"yes","2020-06-28T01:08:29.000Z",,,,,,
"Travertino",3846,"UGC website","2020-07-27","(646) 864-0040","Restaurants/Bars",40.798672,-73.942428,"118 East 116th Street, New York, NY 10029","Open","Yes","Yes","Grubhub, Uber Eats		
","Tuesday-Sunday, 12:30-8:30 p.m.	
",,,,,"yes","2020-07-04T10:30:23.000Z",,,,,,
"Lexington Social",3848,,,,"Restaurants/Bars",40.790587,-73.947712,"1634 Lexington Avenue, New York, NY 10029","Open","Yes","Yes",,"Wednesday- Sunday 2 p.m. -11 p.m
",true,,,,"yes","2020-07-05T15:23:02.000Z",,"yes",,"Space is in the back garden and limited to parties no larger than four
",,
"Il Gnocchi",3850,"UGC website","2020-07-27","(212) 289-2006","Restaurants/Bars",40.798672,-73.942428,"118 East 116th Street, New York, NY 10029","Open","Yes","Yes","Seamless	
","Monday - Sunday 9:30am - 10:30pm	

",true,,,,"yes","2020-07-28T01:49:37.000Z",,,,,,
"Las Panteras Negras",3851,"UGC website","2020-07-27","(917) 261-2568","Restaurants/Bars",40.792801,-73.940534,"2130 Second Avenue, New York, NY 10029","Open","Yes","Yes","Grubhub			
","Sunday- Thursday 9 a.m. - 10 p.m.		
",true,,,,"yes","2020-07-28T01:54:24.000Z",,,,,,
"Chaiwali",3852,"UGC website","2020-07-27","646-688-5414","Restaurants/Bars",40.806742,-73.945801,"274 Malcom X Boulevard, New York, NY 10027","Open","Yes",,,"Tuesday- Saturday 5 p.m. - 10 p.m. & Sunday 5 p.m. - 9 p.m.	
",true,,"https://www.instagram.com/chaiwalinyc/",,"yes","2020-07-28T01:56:55.000Z","https://www.chaiwali.com/",,,,,
"The Row Harlem",3853,"UGC website","2020-07-27","(646) 767-9582","Restaurants/Bars",40.817812,-73.942311,"2374 Adam Clayton Powell Boulevard, New York, NY 10030","Open","Yes",,,"### Monday -Friday 4 p.m..-Midnight, Saturday 11 a.m.-Midnight, Sunday 11 a.m.-10 p.m.

",true,true,,,"yes","2020-07-28T02:30:28.000Z",,,,,,
"Belle Harlem",3854,"UGC Website","2020-07-27","(347) 819-4076","Restaurants/Bars",40.817323,-73.941691,"2363 Adam Clayton Powell Boulevard, New York, NY 10030","Open","Yes",,,,true,true,"https://www.instagram.com/belle_harlem/",,"yes","2020-07-28T02:31:48.000Z","https://www.belleharlem.com/",,,,,
"Callie's Taqueria & Tequila Bar",3855,"UGC Website","2020-07-27",,"Restaurants/Bars",40.815942,-73.939945,"547 Malcolm X Boulevard, New York, NY 10037","Open","Yes","Yes",,"Monday - Sunday 2 p.m. - 8.p.m.		
",,,"https://www.instagram.com/callieslenox/",,"yes","2020-07-28T02:32:56.000Z","https://www.calliesharlem.com/",,,,,
"Yatenga French Bistro & Bar",3856,"UGC Website","2020-07-27","(212) 690-0699","Restaurants/Bars",40.814214,-73.944082,"2269 Adam Clayton Powell Boulevard, New York, NY 10030","Open","Yes",,,"Wednesday - Sunday 12 p.m. - 8 p.m.	
",true,true,,,"yes","2020-07-28T02:37:00.000Z",,,,,,
"Red Rooster",3857,"UGC Website","2020-07-27","(212) 792-9001","Restaurants/Bars",40.808097,-73.944761,"310 Malcolm X Boulevard, New York, NY 10027","Open","Yes",,,"Monday - Sunday 2 p.m. - 7 p.m.	
",true,true,,,"yes","2020-07-28T02:38:11.000Z",,,,,,
"Agaveria la Diagonal",3858,"UGC Website","2020-07-27","(212) 418-1220","Restaurants/Bars",40.806149,-73.953172,"185 St. Nicholas Avenue, New York, NY 10026","Open","Yes",,,"Monday - Thursday 2 p.m. - 9 p.m. , Friday - Sunday 12 p.m. - 10 p.m.
",,,,,"yes","2020-07-28T02:39:18.000Z",,,,,,
"Silvana",3859,"UGC Website","2020-07-27","(646) 692-4935","Restaurants/Bars",40.804386,-73.95581,"300 West 116th Street, New York, NY 10026","Open","Yes",,,"### Wednesday-Sunday 12 p.m. -8 p.m.

",,,,,"yes","2020-07-28T02:44:35.000Z",,,,,,
"Baylander Steel Beach",3860,"UGC website","2020-07-27",,"Restaurants/Bars",40.819082,-73.962251,"Hudson River Greenway, New York, NY 10027","Open","Yes",,,"Tuesday - Friday 3 p.m. -10 p.m. & Saturday - Sunday 2 p.m. - 10 p.m.
",,,"https://www.instagram.com/baylandersteelbeach/",,"yes","2020-07-28T02:57:05.000Z","https://www.baylander.nyc/",,"Michael Trenk and his partners – who own Prohibition on 84th and Columbus Ave – are about to expand in a major way. They’re about to open a new restaurant and bar on the Baylander – a former US Navy ship stationed at the West Harlem Piers at 125th Street! ",,,
"Sofrito",3861,"UGC website","2020-07-27","(212) 754-5999","Restaurants/Bars",40.827282,-73.955282,"679 Riverside Drive, New York, NY 10031","Open","Yes","Yes",,"### Tuesday- Sunday 12 p.m.-9 p.m.

",,,,,"yes","2020-07-28T02:58:17.000Z",,,,,,
"L'Artista",3862,"UGC website","2020-07-27","(646) 858-0312","Restaurants/Bars",40.824354,-73.948772,"142 Hamilton Place, New York, NY 10031","Open","Yes","Yes",,"### Monday - Friday 3 p.m. - 10 p.m. , Saturday-Sunday 11 a.m - 10 p.m.

",,,,,"yes","2020-07-28T03:02:40.000Z",,,,,,
"Rokc",3863,"UGC website","2020-07-27","(332) 217-8755","Restaurants/Bars",40.823651,-73.952092,"3452 Broadway, New York, NY 10031","Open","Yes","Yes",,"### Monday - Sunday 2 p.m, -9 p.m.	

",,,,,"yes","2020-07-28T03:05:44.000Z",,,,,,
"Jahlookova ",3864,"UGC website","2020-07-27","(646) 907-0000","Restaurants/Bars",40.805839,-73.940262,"51 East 125th Street, New York, NY 10035","Open","Yes","Yes",,"Monday - Sunday 9 a.m. - 7 p.m.	
",true,true,,,"no","2020-07-28T03:12:34.000Z",,,,"

",,
"Ginjan Cafe",3865,"UGC website","2020-07-27",,"Restaurants/Bars",40.80539,-73.93927,"85 East 125th Street, New York, NY 10035","Open","Yes","No",,"Monday - Saturday 8 a.m.  - 2 p.m.	
",true,true,"https://www.instagram.com/ginjancafe/",,"no","2020-07-28T03:22:35.000Z","https://drinkginjan.com/","yes",,,,
"Zaro's Family Bakery",3866,"UGC website","2020-07-27","(332) 213-2440","Restaurants/Bars",40.805145,-73.9385,"1825 Park Avenue, New York, NY 10035","Open","Yes","Yes",,"### Monday -Friday 6 a.m.-2 p.m.	

",,,,,"no","2020-07-28T03:24:12.000Z",,,,,,
"Pipo's Mexican ",3867,"UGC website","2020-07-27","(212) 828-2382","Restaurants/Bars",40.799377,-73.939908,"166 East 118th Street, New York, NY 10035","Open","Yes","Yes",,"Monday 10 a.m. - midnight 	
",true,,,,"no","2020-07-28T03:29:08.000Z",,,,,,
"El Aguila",3868,"UGC website","2020-08-03","(212) 426-2221","Restaurants/Bars",40.790587,-73.947712,"1634 Lexington Avenue, New York, NY 10029","Open","Yes","Yes",,"Monday - Sunday 11 a.m. - 9 p.m.
",true,,"https://www.instagram.com/elaguilabakery/",,"yes","2020-07-28T03:30:15.000Z",,,,,,
"Don Paco Lopez Panaderia",3869,"UGc website","2020-07-27","917-868-7802","Restaurants/Bars",40.798115,-73.939591,"2129 Third Avenue, New York, NY 10035","Open","Yes","No",,"Monday - Saturday 6 a.m. - 7 p.m. Sunday 8 a.m. - 2 p.m.

",,,"https://www.instagram.com/don_paco_lopez_panaderia/",,"no","2020-07-28T03:33:45.000Z","https://donpacolopez.com/",,,,,
"Mexico Travel",3870,"UGC website","2020-07-27","(212) 369-7739","Restaurants/Bars",40.797055,-73.938646,"238 East 116th Street, New York, NY 10029","Open","Yes","No",,"Monday - Saturday 8:30 a.m. - 7 p.m.	Sunday 1 p.m. - 7 p.m.	
",true,,,,"no","2020-07-28T03:38:27.000Z",,,,,,
"Mrs. An Thai",3872,"UGC website","2020-07-28","(212) 933-9988","Restaurants/Bars",40.787339,-73.948108,"173 East 99th Street, New York, NY 10029","Open","Yes","Yes","in-house, grubhub, uber eats	
","Monday - Saturday 11:30 a.m. - 11 p.m. Sunday 11:30 a.m. - 10:30 p.m.
",true,,,,"no","2020-07-28T11:25:09.000Z",,,,,,
"Abyssinia Ethiopian",3873,,"2020-07-28",,"Restaurants/Bars",40.816,-73.946091,"268 West 135th Street, New York, NY 10030",,,,,,true,true,"https://www.instagram.com/abyssiniaethiopian/",,,"2020-07-28T11:35:51.000Z",,,,,,
"Tios Bistro Latino",3874,"UGC website","2020-07-28","(212) 939-9305","Restaurants/Bars",40.811803,-73.942975,"421 Malcolm X Boulevard, New York, NY 10027","Open","Yes","Yes",,"Monday - Sunday  1 p.m. - 9 p.m.
",,,,,"no","2020-07-28T11:40:43.000Z",,,,,,
"Delhi Masala",3875,"UGC website","2020-07-28","(212) 666-8600","Restaurants/Bars",40.808009,-73.948586,"2077 Adam Clayton Powell Blvd, New York, NY 10027","Open","Yes","Yes","in house, grubhub		
","Monday - Sunday 12 p.m. - 9: 45 p.m..		
",,,,,"no","2020-07-28T11:50:20.000Z",,,,,,
"Vintage Harlem Wine & Spirits",3876,"UGC website","2020-07-28","212-864-9463","Independent Retail",40.806799,-73.95394,"2223 Frederick Douglass Boulevard, New York, NY 10026","Open","Yes","No",,"Monday - Sunday 11 a.m. - 8 p..	
",,,,,"no","2020-07-28T11:54:59.000Z",,,,,,
"Greedy Pot",3877,,"2020-07-28","(917) 675-7676","Restaurants/Bars",40.804308,-73.952425,"1944 Adam Clayton Powell Boulevard, New York, NY 10026","Open","Yes","Yes",,"Sunday - Wednesday 12 p.m. - 7 p.m. 		
",true,true,"https://www.instagram.com/greedypot_/",,"no","2020-07-28T12:02:15.000Z",,,,,,
"Kingston Harlem",3878,"UGC website","2020-07-28","(646) 861-1082","Restaurants/Bars",40.803391,-73.953586,"218 West 116th Street, New York, NY 10026","Open","Yes","Yes","	
","Thursday 4- 10 p.m. , Friday 4 p.m. - 11 p.m.  Saturday  2 p.m. - 11 p.m. Sunday 2 p.m- 11 p.m.
",true,true,,,"no","2020-07-28T12:06:18.000Z",,,,,,
"Seasoned Vegan",3879,"UGC website","2020-07-28","(212) 222-0092","Restaurants/Bars",40.828984,-73.941471,"55 St. Nicholas Place, New York, NY 10031","Open","Yes","Yes",,"Monday - Sunday 5 p.m. - 10 p.m.	
",true,true,,,"no","2020-07-28T12:10:49.000Z",,,,,,
"Little Bean Coffee",3880,"UGC website","2020-07-28","(646) 896-1168","Restaurants/Bars",40.79883,-73.952832,"111 Central Park North, New York, NY 10026","Open","Yes","Yes",,"Tuesday - Friday 8 a.m. - 2 p.m. Saturday - Sunday 9 a.m. - 2 p.m.	
",,,,,"no","2020-07-28T12:14:08.000Z",,,,,,
"The Honey Well",3881,"UGC website","2020-07-28",,"Restaurants/Bars",40.82843,-73.948412,"3604 Broadway Avenue, New York, NY 10031","Open","Yes","No",,,,,,,"no","2020-07-28T12:18:11.000Z",,,,,,
"Ecuatoriana",3882,"UGC website","2020-07-28","(212) 491-4626","Restaurants/Bars",40.824055,-73.948208,"1685 Amsterdam Avenue, New York, NY 10031","Open","Yes","Yes",,,,,,,"no","2020-07-28T12:20:41.000Z",,,,,,
"116th Flowers",3883,"UGC website","2020-07-28","(212) 348-1781","Independent Retail",40.797211,-73.938883,"232 East 116th Street, New York, NY 10029","Open",,,,"Monday - Sunday 10 a.m. - 6 p.m.
",true,,,,,"2020-07-28T12:27:47.000Z",,,,,,
"The Brownstone Boutique",3884,"UGC website","2020-07-28","(212) 996-7980","Independent Retail",40.805744,-73.941244,"24 East 125th Street, New York, NY 10035","Open",,,,"Monday - Saturday 12 p.m. - 6:30 p.m.

",true,true,,,,"2020-07-28T12:28:55.000Z",,,,,,
"Capsule",3885,"UGC website","2020-07-28","(646) 918-6720","Independent Retail",40.811501,-73.953669,"383 West 125th Street New York, NY 10027","Open",,,,"Monday 12 p.m. - 6 p.m.
",,,,,,"2020-07-28T12:30:07.000Z",,,,,,
"Harlem Underground (East Side)",3886,"UGC website","2020-07-28","(212) 222-4419","Independent Retail",40.805805,-73.941367,"20 East 125th Street, New York, NY 10035","Open",,,,"Monday - Sunday 1 p.m. - 6 p.m.	
",true,true,,,,"2020-07-28T12:31:47.000Z",,,,,,
"Harlem Underground (West Side)",3887,"UGC website","2020-07-28","(212) 222-4419","Independent Retail",40.806799,-73.95394,"2217 Frederick Douglass Boulevard, New York, NY 10026","Open",,,,"Monday - Sunday 1 p.m. - 6 p.m.	
",true,true,,,,"2020-07-28T12:32:51.000Z",,,,,,
"Hats by Bunn",3888,"UGC website","2020-07-28","(212) 694-3590","Independent Retail",40.814674,-73.943739,"2283 Adam Clayton Powell Boulevard, New York, NY 10030","Open",,,,,true,true,,,,"2020-07-28T12:34:46.000Z",,,,,,
"Heavy Metal Bike Shop",3889,"ugc website","2020-07-28","(646) 952-4930","Wellness & Fitness",40.794696,-73.942703,"2016 Third Avenue, New York, NY 10029","Open",,,,"Monday - Sunday 9:30 a.m. - 7 p.m.

",,,,,,"2020-07-28T12:36:17.000Z",,,,,,
"H&M Art",3890,"UGC website","2020-07-28","(212) 831-9176","Independent Retail",40.806384,-73.941479,"17 East 125th Street, New York, NY 10027","Open",,,,"Monday - Saturday 11 a.m. - 7 p.m.

",,,,,,"2020-07-28T12:37:38.000Z",,,,,,
"Kangol Harlem",3891,"UGC website","2020-07-28","(212) 724-1172","Independent Retail",40.809207,-73.943989,"346 Malcolm X Boulevard, New York, NY 10027","Open",,,,"Monday - Sunday 11 a.m. - 6 p.m.
",,,,,,"2020-07-28T12:38:39.000Z",,,,,,
"NiLu Boutique",3892,"UGC website","2020-07-28","(646) 964-4926","Independent Retail",40.804443,-73.948368,"191 Malcolm X Boulevard, New York, NY 10026","Open",,,,"Tuesday - Sunday 1 p.m. - 6 p.m.
",true,true,,,,"2020-07-28T12:40:11.000Z",,,,,,
"Omo Sade Skincare",3893,"UGC website","2020-07-28","(212) 996-6300","Beauty & Barber",40.804981,-73.93735,"2082 Lexington Avenue, New York, NY 10035","Open",,,,"Monday - Sunday 12 p.m. - 4 p.m.

",true,true,,"Beauty",,"2020-07-28T12:41:58.000Z",,,,,,
"Raices Dominicanas Cigars",3894,"UGC website","2020-07-28","(212) 410-6824","Independent Retail",40.795618,-73.935336,"2250 First Avenue, New York, NY 10029","Open",,,,"Monday - Saturday 10 a.m. - 8 p.m.
",true,,,,,"2020-07-28T12:43:14.000Z",,,,,,
"Serengeti Teas & Spices",3895,"UGC website","2020-08-22","(212) 837-1057","Independent Retail",40.805779,-73.941304,"22 East 125th Street, New York, NY 10035","Open",,,,"Wednesday-Saturday 12-5 p.m.
",true,true,,,,"2020-07-28T12:44:47.000Z",,"yes",,,,
"Solestice",3896,"UGC website","2020-07-28","(212) 876-8088","Independent Retail",40.797508,-73.940022,"2115 Third Avenue, New York, NY 10035","Open",,,,"Monday - Saturday 11 a.m. - 7 p.m.

",,,,,,"2020-07-28T12:45:49.000Z",,,,,,
"Xclusive Arrivals",3899,"UGC website","2020-07-28","(646) 267-6535","Independent Retail",40.792926,-73.940392,"2132 Second Avenue, New York, NY 10029","Open",,,,"Monday - Sunday 3 p.m. - 6 p.m.
",true,,,,,"2020-07-28T12:49:55.000Z",,,,,,
"El Nuevo Carribeno Restaurant",3900,"CK","2020-08-03","(212) 831-3906","Restaurants/Bars",40.791574,-73.94647,"1675 Lexington Avenue, New York, NY 10029","Open","Yes","Yes","Grubhub	
","Monday - Sunday 12 p.m. - 8 p.m.	
",,,,,"yes","2020-08-04T04:02:49.000Z",,,,,,
"Boca Prime Steakhouse",3901,"CK","2020-08-03","(646) 998-4256","Restaurants/Bars",40.795972,-73.935782,"2257 First Avenue, New York, NY 10029","Open","Yes","Yes","Uber eats, Grubhub	
","Monday - Saturday 3 p.m. - 11 p.m. Sunday 12 p.m. - 11 p.m.	
",,,,,"yes","2020-08-04T04:04:39.000Z",,,,,,
"SpaHa Soul",3902,"CK","2020-08-15","(347) 463-7387","Restaurants/Bars",40.798052,-73.936701,"2294 Second Avenue, New York, NY 10035","Open","Yes",,,"Tuesday-Sunday 5-11 p.m. (Reservations only; call in advance)	

",true,true,,,"yes","2020-08-04T04:06:30.000Z",,,,"Reservations only; call in advance.	

",,"Reservations only; call in advance."
"El Paso Taqueria",3903,"CK","2020-08-15","(212) 996-1739","Restaurants/Bars",40.787307,-73.952806,"64 East 97th Street, New York, NY 10029","Open","Yes",,"grubhub, uber eats	
","Monday - Sunday 10 a.m. - 10 p.m.	
",true,,,,"yes","2020-08-04T04:08:11.000Z",,,,,,
"Andy's Restaurant",3904,"CK","2020-08-04","(212) 860-2614","Restaurants/Bars",40.802622,-73.936944,"2262 Third Avenue, New York, NY 10035","Open","Yes","Yes","grubhub
","Monday - Saturday 6 a.m. - 5 p.m. Sunday 7 a.m. - 4 p.m. 
",,,,,"yes","2020-08-04T04:09:44.000Z",,,,,,
"Kahlua's ",3905,"CK","2020-08-22","(212) 348-0311","Restaurants/Bars",40.79754,-73.939949,"2117 Third Avenue, New York, NY 10029","Open","Yes","Yes","In-house		
","Monday-Thursday 11 a.m.-10 p.m., Friday-Sunday 11 a.m.-Midnight
",true,,,,"yes","2020-08-04T04:11:14.000Z",,,,,,
"Brother's Bakery & Cafe",3906,"CK","2020-08-04","(212) 641-0646","Restaurants/Bars",40.793829,-73.940451,"2155 Second Avenue, New York, NY 10029","Open","Yes","Yes","grubhub	
","Monday - Sunday 7 a.m. - 5 p.m.	
",true,,,,"yes","2020-08-04T04:12:19.000Z",,,,,,
"Daniel & Companies Coffee Shop",3907,"CK","2020-08-04","(646) 524-5585","Restaurants/Bars",40.798889,-73.936739,"2315 Second Avenue, New York, NY 10035","Open","Yes","No",,"Monday - Saturday 7 a.m. - 2 p.m.	
",,,"https://www.instagram.com/daccoffeeshop/",,"yes","2020-08-04T04:13:29.000Z",,"yes",,,,
"MY NY Bakery Cafe",3908,"CK","2020-08-04","(212) 722-7383","Restaurants/Bars",40.788215,-73.94888,"1565 Lexington Avenue, New York, NY 10029","Open","Yes","Yes","grubhub
","Monday - Sunday 7 a.m. - 6:45 p.m.	
",true,,,,"no","2020-08-04T04:14:39.000Z",,,,,,
"El Paso Restaurante",3909,"Carey","2020-10-01","646-590-8640","Restaurants/Bars",40.795336,-73.945137,"123 East 110th Street, New York, NY 10029","Open","Yes","Yes",,"### Monday-Friday 11 a.m.-10:30 p.m., Saturday-Sunday Brunch 12-4 p.m., Dinner 4-10:30 p.m.

",true,,,,"yes","2020-08-15T14:12:26.000Z",,"yes",,,,"Drag ""Bronche"" on Sundays!"
"The Cecil Steakhouse / Minton's Playhouse",3910,"Carey","2020-08-16","(212) 866-1262","Restaurants/Bars",40.804613,-73.952378," 210 West 118th Street, New York, NY 10026","Open","Yes","Yes",,"Tuesday-Sunday, 10 a.m.-5 p.m.	
",,,,,"yes","2020-08-15T14:14:33.000Z",,,"Anahi Angelone opened the bar Corner Social in 2012 after managing Irish bars downtown for a decade. Two years later Corner Social was so successful that she opened a restaurant, Angel of Harlem. Both are profitable. In the summer she and her partners, including former Time Warner CEO Richard Parsons, took over The Cecil Steakhouse as well as Minton’s Playhouse, the adjoining restaurant and venue that had closed in 2016.",,,
"El San Juan Restaurant",3911,"Carey","2020-08-16","(646) 726-4222","Restaurants/Bars",40.801048,-73.945751,"1429 Fifth Avenue, New York, NY 10035","Open","Yes","No",,"Tuesday-Wednesday 4-10 p.m., Thursday-Saturday 4-11 p.m., Sunday 2-10 p.m.
",true,,"https://www.instagram.com/elsanjuannyc/",,"yes","2020-08-16T11:19:58.000Z",,,,,,
"Paint 'N Pour",3912,"Carey","2020-08-17","(212) 203-4361","Restaurants/Bars",40.802118,-73.956689,"2080 Frederick Douglass Boulevard, New York, NY 10026","Open","No","No",,"Wednesday-Friday 2-10 p.m., Saturday-Sunday 12-10 p.m.
",true,true,,,"yes","2020-08-16T11:37:55.000Z",,,"Tinesha Sharpe and Tyson Belgrave–a married couple with a major entrepreneurial streak",,,
"Bean & Barley",3913,"Carey","2020-08-17","(646) 767-0125","Restaurants/Bars",40.803185,-73.955885,"2118 Frederick Douglass Boulevard, New York, NY 10026","Open","No","No",,"### Sunday-Thursday 11 a.m.-2 a.m., Fri-Sat 11 a.m.-3 a.m.
",,,"https://www.instagram.com/beanbarley_harlemnyc/",,"yes","2020-08-18T01:10:07.000Z",,,,,,
"Judy's Spanish Restaurant",3914,"Carey","2020-08-22","(212) 831-0193","Restaurants/Bars",40.786607,-73.950088,"1505 Lexington Avenue, New York, NY 10029","Open","Yes","Yes",,"Daily 8 a.m.-10 p.m.	
",true,,,,"yes","2020-08-22T13:41:47.000Z",,,,,,
"El Chevere Cuchifritos & Bakery",3915,"Carey","2020-08-22","(212) 427-3952","Restaurants/Bars",40.79414,-73.943203,"2000 Third Avenue, New York, NY 10029","Open","Yes","Yes",,"### Daily 9 a.m.-8 p.m.

",,,,,"yes","2020-08-22T13:44:01.000Z",,,,,,
"1779 Mexican Restaurant / San Francisco de Assis ",3916,"Carey","2020-08-22","(212) 348-5981","Restaurants/Bars",40.794918,-73.94407,"1779 Lexington Avenue, New York, NY 10029","Open","Yes","Yes",,"### Monday-Saturday 9 a.m.-2 a.m., Sunday 10 a.m.-2 a.m.

",true,,,,"yes","2020-08-22T18:11:12.000Z",,,,,,
"Tre Otto",3917,"Carey","2020-08-22","(212) 860-8880","Restaurants/Bars",40.788487,-73.9536,"1410 Madison Avenue, New York, NY 10029","Open","Yes","Yes",,"Daily 11:30 a.m.-8 p.m.

",,,,,"yes","2020-08-22T22:25:35.000Z",,,,,,
"Little Luzzo's",3918,"Carey","2020-08-22","(212) 369-2300","Restaurants/Bars",40.786285,-73.951555,"119 East 96th Street, New York, NY 10029","Open","Yes","Yes",,"Monday-Saturday 11 a.m.-10:30 p.m., Sunday 12-9:30 p.m.
",,,,,"no","2020-08-22T22:50:19.000Z",,,,,,
"Lupita's",3919,"Carey","2020-08-23","(646) 590-4202","Restaurants/Bars",40.790228,-73.943091,"2049 Second Avenue, New York, NY 10029","Open","Yes","Yes",,"Daily 11 a.m.-10:30 p.m.	

",true,,,,"yes","2020-08-23T14:53:21.000Z",,,,,,
"Plowshares Coffee",3920,"Carey","2020-09-09","(646) 755-8667","Restaurants/Bars",40.813731,-73.95564,"1351 Amsterdam Avenue, New York, NY 10027","Open","Yes","No",,"Monday-Friday, 8 a.m.-3 p.m.
",,,,,"yes","2020-08-23T14:54:12.000Z",,,,,,
"Azteca Western Wear",3922,,"2020-09-21","(212) 996-1212","Independent Retail",40.797371,-73.939191,"222 East 116th Street, New York, NY 10029","Open",,,,,true,,,,,"2020-09-21T17:29:51.000Z",,,,,,
"Aroma D'Angel",3923,,"2020-09-21","(646) 320-8134","Independent Retail",40.797058,-73.938513,"242-244 East 116th Street, New York, NY 10029","Open",,,,,true,,,,,"2020-09-21T17:30:50.000Z",,,,,,
"Euromex Soccer",3924,,"2020-09-21","(646) 398-8074","Independent Retail",40.796959,-73.938423,"246 East 116th Street, New York, NY 10029","Open",,,,,true,,,,,"2020-09-21T17:31:02.000Z",,,,,,
"Amuse Bouche",3926,"Carey","2020-10-01","929-317-5140","Restaurants/Bars",40.798302,-73.943979,"1590 Park Avenue, New York, NY 10029","Open","Yes","No",,"Wednesday-Friday 11 a.m.-6 p.m., Saturday 10 a.m.-7 .m., Sunday 10 a.m.-6 p.m.

",,,"https://www.instagram.com/amusebouchenycny",,"yes","2020-09-26T16:17:12.000Z",,"yes","Edward Rodwell & Anthony",,,
"Sprinkle Splash Sweet Shoppe",3928,"carey","2020-09-26","1-800-764-6106","Restaurants/Bars",40.798302,-73.943979,"1590 Park Avenue, New York, NY 10029","Open","Yes","No",,"Thursday-Saturday 10 a.m-7 p.m.	

",true,,,,"yes","2020-09-26T16:20:27.000Z",,"yes",,,,